title,url,hour,price,location,subtitle,text,label_cat
"""Ailand"" отбасылық демалыс орталығы ",https://kazakhstan.travel/tourist-spot/kk/181/ailand-kktertainmkkt-ckkter,12,3700.0,Нұр-Сұлтан,"Шолу шеңбері, Мұхитарал, Аквапарк, Джунгли","""Ailand""- елорданың басты ойын-сауық орталығы десек, еш жаңылыспаймыз. Себебі, мұнда үлкенді-кішілі әрбір қонақты ұмытылмас әсерлер күтіп тұр. Орталықтың ауқымдылығы көз көргенді бірден таң қалдырары анық. Мұндағы биіктігі 65 метрге тең еліміздегі ең үлкен шолу шеңбері конционерлер мен жылыту жүйесімен жабдықталғандықтан, астананың көркін биіктен тамашалауға ниетті келушілерді жыл бойы қабылдап, қуантып келеді. Орталықтың тағы бір мақтанышы -  әлемдік мұхиттан 3000 шақырым қашықтықта орналасқан мұхитарал. Ол 20 аквариумды біріктіретін 3 көрме залынан тұрады. Оған қоса, Юра кезеңіндегі динозаврлар әлемі жасырылған ""Джунгли"" театрлық жобасының да сыйлар естеліктері тым жарқын болмақ. Қаладағы ғимарат ішінен салынған ең ірі аквапарк та осы ""Ailand""-те. Әдетте, көңіл-көтеремін деушілер іздеген игіліктерін толқынды хауыз бен судағы ойын алаңдарынан тауып жатса, жанын тынықтырып, денін сауықтыруға келгендер қуана-қуана жайлы да заманауи SPA қызметіне жүгінеді.""Ailand""-тегі алғашқы демалысыңыз - осы орталықта өткізбек арайлы күндеріңіздің ұзақ тізбегінің бастамасы болмақ. Бұл жерге келген сайын, қай",14
"""Атамекен"" этно-мемориалдық кешені",https://kazakhstan.travel/tourist-spot/kk/180/atamekkk-ethno-memorial-complex,4,600.0,Нұр-Сұлтан,Қазақстандағы барлық айтулы көрнекті орындардың кішірейтілген нұсқалары осы кешенде орналасқан,"Қазақстан Республикасы жер аумағы бойынша Әлемдегі ең ірі мемлекеттердің алғашқы ондығына кіреді. Демек, осынау ұлан-ғайыр даланың бар кереметіне көз жеткізу үшін мыңдаған шақырымдық жол, ондаған күндік сапарға аттануға тура келеді.  Елорданың төрінен орын тапқан ""Атамекен"" этно-мемориалды кешенінде серуендеп жүріп, Қазақ жерінің барлық тарихи, мәдени, сәулет игіліктерімен танысып, тамашалап қайтуға болатыны, ерекше қуантарлық жайт.Кешеннің атауы да ата-бабамыз мекен еткен асыл жер деген ұғыммен астасып жатыр. Екі бірдей футбол алаңының аумағын алып жатқан кешенде Қазақстандағы ең көрнекті деген 200-ден астам сәулет нысандары мен тарихи ескерткіштер, ормандар, таулар мен төбелер кескінделген. ""Атамекен"" кешенінің барлық мақсат-мүддесі қазақ мәдениетінің жауһарларын сақтап, қоғамға танытуға бағытталған. Қазақстанның бедерлі картасында ареналы форум аймағы жасақталған. Мұнда көптеген іс-шаралар ұйымдастырылады. Қызықты да танымды демалыс өткізгіңіз келсе",16
ҚР Қарулы күштерінің Әскери-тарихи мұражайы,https://kazakhstan.travel/tourist-spot/kk/186/military-history-museum,2,0.0,Нұр-Сұлтан,Түрлі дәуірлердің тарихы жайлы сыр шертетін әскери жәдігерлер сақталған бірегей мұражай.," Әскери-тарихи мұражай еліміздегі техникалық жабдықтамасы ең озық мұражайдың бірі. Ол бірегей экспозицияларымен туристерді таң-тамаша қалдыратын бірнеше залдан тұрады. Мұражайда орнаған күй-жайды сөзбен айтып жеткізу мүмкін емес. Себебі, шеберлердің тыңғылықты еңбегі нәтижесінде, келушімен қауышқан жәдігерге жан біткендей сезіледі. Ал сондай ""тірі"" жәдігерлердің ұзын саны 6000-ға жетеді. Мұражайдағы не нәрсе жайлы айтсаңыз да: хаттар, құжаттар, әскери қару-жарақ, барлығы да Қазақстанның ежелгі замандардан бүгінгі күнге дейінгі тарихын бейнелейді, баяндайды. Қалауыңыз болса, кей жәдігерлерді қарап қана қоймай, ұстап көруге де рұқсат етілген. ҚР Қарулы күштерінің Әскери-тарихи мұражайы соғыстың  зардап-залалын ұғынып, батыр бабаларымызды ұлықтап, тағылымды тарихымыз жайлы тың мәліметтермен таныс",73
" ""Астана-Бәйтерек"" монументі",https://kazakhstan.travel/tourist-spot/kk/175/bayterek-tower,2,500.0,Нұр-Сұлтан,"""Бәйтерек"" - қазақ халқының тарих тұңғиығынан бастау алған ұлттық болмасын, бүгінгі дамуға деген тынымсыз талпынысы мен жарқын болашаққа деген риясыз сенімін сабақтастырған елдігіміздің нышаны","Еліміздің жүрегінен орын тапқан осы құрылыстықа Елбасы Н.Ә. Назарбаев: ""Бәйтерекке көтерілген әр адам Қазақстан даласының кеңдігін бойына сіңіреді"",-деп сипаттама берген. ""Бәйтерек"" - қайталанбас елордамыздың бас рәмізі, ең танымал бірегей құрылысы. Көне түркі аңыздарынан бастау алған сәулет жауһары Нұр-Сұлтан қаласының тұрғандары мен қонақтарына қазақ мәдениетінің таңқаларлық қырларын танытады.Бұл әсем ғимарат өткен күн мен болашақтың бүгінгі күн арқылы сабақтасып жатқанын білдіреді. Маңызы мен салтанаты үйлескен ""Бәйтеректі"" өз көзіңізбен көргеннен-ақ, ойыңызды",0
" ""Қазақ елі"" монументі",https://kazakhstan.travel/tourist-spot/kk/176/kazakh-eli-monumkkt,1,0.0,Нұр-Сұлтан,Еліміздің егемендігін арқау еткен ескерткіш,"Тәуелсіздік алаңының қақ ортасында бой түзеген ""Қазақ елі"" монументі Нұр-Сұлтан қаласының көрнекті орындары қатарын толықтырғалы ұзақ уақыт өткен жоқ. Бұл - әр қырына Қазақстан Республикасының қалыптасу тарихындағы елеулі оқиғалар бедерленген ақ мәрмәрдан соғылған төртбұрышты іргетасқа орнатылған ақ мұнара. Еліміз тәуелсіздік алған кез - 1991 жылға сәйкестендірілген құрылыс биіктігі 91 метрге тең. ""Қазақ  елі"" кешені - егемендігіміздігімізбен қатар, тарихымыз бен мәдениетімізді әуелетіп тұр. Ал мұнараның ұшар басына қонған Самұрық құс Қазақстанның үздіксіз өсу мен дамуға",4
Бейбітшілік және келісім сарайы ,https://kazakhstan.travel/tourist-spot/kk/177/palace-of-peace-and-reconciliation,3,650.0,Нұр-Сұлтан,Халық достастығының және дін еріктілігінің символы,"""Пирамида"" сөзін ести салысымен, көз алдымызға бірден Мысыр елі елестейді. Дегенмен, елордамыз да ұлттарды біріктіріп, діндерді келістірген ерекше ""пирамида"" бар. Ол - Бейбітшілік және келісім сарайы. Әйгілі британ сәулетшісі Норман Фостердің жобасымен салынған ғимарат концерт залы, мәжіліс залы, көркемөнер галереясы сияқты бөлімдерден тұрады. Сарайдың ерекше ішкі безендірілуі де келушілердің назарын аудармай қоймасы анық. ҚР Тұңғыш Президенті бастамасымен, діни келіспеушіліктер нәтижесіндегі халықаралық қақтығыстарды болдыртпау мақсатында ұйымдастырылған Әлемдік және дәстүрлі діндер көшбасшыларының съезі алғаш рет дәл осы сарайда өткізілген.Ұлтаралық достастық пен дінаралық келісімді арқау еткен ""Пирамида"" түнде ерекше жарқырай түседі. Оның ұшар басында тоғысқан жарық сәулелері халқымыздың ұлттық бірлікке ",50
 Нұр-Сұлтан қаласының орталық жағалауы (Есіл өзені),https://kazakhstan.travel/tourist-spot/kk/178/the-ishim-river-embankmkkt,3,0.0,Нұр-Сұлтан,Нұр-Сұлтан қаласының тұрғындары мен қонақтарының сүйікті демалыс орны,"Есіл өзенінің жағалауы - елордалық жұрттың ең сүйікті демалыс орны десек артық айтпаймыз. Есілдің ерке толқындарына сүйсініп, қаланың мың құбыла жарқыраған көріністеріне тамсанып, музыкалық аспаптарын серік еткен қала дарындарының  әсем әуен, сазды әндерімен құлақ құрышын қандырып, суретшілердің көркем туындыларын тамашалап, керемет серуен құратындарыңыз айдан анық. Жаздың күні катермен шолу экскурсиясына шығып, балдырғандарды түрлі аттракциондарға апарып қуантып жатсаңыз, қыста коньки мен шананы іліп алып, мұз айдынында ұмытылмастай көңіл көтеруге болады. Бұл жағалауда мәңгілік қарсылықтағыдай көрінетін жанға сая болар тыныштық пен думанды тіршілік жарасымдылық тапқан. Жалғыз, отбасыңызбен немесе достарыңызбен серуенге шықсаңыз да, мұнда өткізген уақыт сізге бақыт сыйлайтынына күмәніңіз болмасын. Түн жамылғандағы көріністің әсерлілігін айтып жеткізудің өзі қиын: елорданың бар жарқылы Есілдің",11
"""Мәңгілік ел"" салтанат қақпасы",https://kazakhstan.travel/tourist-spot/kk/179/mangilik-el-triumphal-arch,2,425.0,Нұр-Сұлтан,"""Мәңгілік ел""- Қазақстанның бар жетістіктері мен бағындырған белестерін бейнелейтін тарихи шежіре іспеттес.","Елордамыздағы ең танымал құрылыстардың бірі - ""Мәңгілік ел"" салтанат қақпасы. Тәуелсіздігіміздің 20-жылдық мерей тойына орай ашылған бұл нысанның мән-маңызы аса зор. Ол тәуелсіз тарихымызды ұлықтайды. Қақпаның жалпы биіктігі 20 метрге тең. Бұл өлшем де кездей соқ шешім емес: әр метр еліміздің егемен, зайырлы мемлекет ретінде өткерген әрбір жылын белгілеп тұр. Мұнда қала тұрғындары мен қонақтары Қазақстан мәдениеті, жас астананың тарихы жайлы білімдерін тереңдетіп, көрме залындағы туындыларды тамашалап,  ғимараттың ішкі-сыртқы көріністерінде бейнеленген әрбір иірім мен ою-өрнектен, әрбір мүсін мен сұлбадан ұлттық болмысымызды тани алады. Құрылыстың ең жоғарғы бөлігінде Нұр-Сұлтан қаласының бар кереметін көз алдыңызға келтіретін шолу алаңы орналасқан. Залдың өзінде орнатылған сенсорлы тақталар арқылы Әлемдегі басқа да салтанат қақпалары туралы ақпарат алып, елордамыздың өткені мен бүгіні жайлы қызықты мәліметтермен танысуға болады. ""Мәңгілік ел"" салтанат қақпасының басты тұжырымдамасы Қазақстанның даму тарихы, ұлттық жетістіктеріміз бен ұстанымдарымызға негізделген. Бұл айтулы орынға келіп, Қазақстан Республика",22
Назарбаев Орталығы,https://kazakhstan.travel/tourist-spot/kk/183/nazarbayev-ckkter,2,0.0,Нұр-Сұлтан,"Мұражай, Конференц-зал, Қазақстан Республикасының Тұңғыш Президенті Кітапханасы ","Елорданың төрінде бой көтерген әр ғимараттың көркем қалыбы мен жеткізер ойы келген қонақтарды да, астаналық тұрғындарды да таңқалдыруын тоқтатқан емес. Әйгілі британдық сәулетші Норман Фостердің жобасымен салынған Назарбаев Орталығынының өзі көкке зер салған көз жанарын бейнелейді. Бұл - Қазақстанның сарқылмас күш-қуатынының белгісі іспеттес. Орталықтың ішінде Қазақстанның тарихи мәдениетімен қатарлас жүзжылдықтар бойы қалыптасқан ""Мәңгілік ел"" ұлттық тұжырымдамасына арналған суреттер көрмесі бар. Назарбаев Орталығы негізінде ҚР Тұңғыш Президенті кітапханасы және құнды жәдігерлер мен жылдар бойы Елбасына тарту етілген сыйлықта",61
"""Табаған"" тау-шаңғы курорты",https://kazakhstan.travel/tourist-spot/kk/196/tabagan-ski-resort,13,0.0,Алматы,Алматы қаласының тұрғындары және қонақтары арасында аса танымалдылыққа «Табаған» тау шаңғы курорты ие.,"«Табаған» тау-шаңғы
курорты қала орталығынан небәрі 17 шақырым жерде орналасқандықтан, кешенге жылдам әрі еш қиындықсыз жетуге болады. Егер сіз сноуборт немесе шаңғы тебуді енді
үйреніп жүрсеңіз, онда Табаған жаттығу, жүріс икемін шыңдау немесе жай
ғана таза ауада уақыт өткізу үшін тамаша орын. Сонымен қоса, тау-шаңғы
курортында арқан жолмен және жыл бойы ашық тұратын шана төбешігімен сырғанауға болады; кешен аумағында
теннис корты, футбол және волейбол алаңдары орналасқан. 
Әр тұстан
тамашалуға болатын таңғажайып тау бөктері мен шыршалы ормандардың көрінісі,
тәжірибелі саяхатшылардың өзін таңдандырмай қоймайды. «Табаған» тау-шаңғы
курорты - деніңізді сауықтырып, демалысыңызды белсенді де сапалы өткізуге ",23
«Көрнекті Қайраткерлер Аллеясы» мемориалды кешені  ,https://kazakhstan.travel/tourist-spot/kk/205/alley-of-prominkkt-people,11,0.0,Алматы,Кеңес өкіметін орнатуға мүдделі халықтың көш басында болған қазақстандық қайраткерлердің мүсіндері орнатылған мемориалды кешен.,"Алматыдағы Панфилов көшесінде басты қалалық іс-шаралар мен концерттік қойылымдар өткізілетін «Астана» алаңы  орналасқан. Алаңның ең көрнекті сәулеттік композицияларының
бірі-1987 жылы негізі қаланған «Көрнекті қайраткерлер аллеясы» мемориалды
кешені. Кешенге Кеңес үкіметін орнатуға бағытталған қоғамдық қозғалыстың әйгілі
қазақстандық көшбасшыларының мүсіндік ескерткіштері орнатылған. Оның ішінде С.
Сейфуллин, Т.Рысқұлов, М. Фрунзе, А. Розбақиев, Д. Фурманов және өткен ғасырдың
басқа да танымал тұлғалары болды. Қола қапталған ескерткіштер ұсақ түйірлі
граниттен жасалып, әр ескерткіштің алдыңғы жағында қызметі мен саяси
жетістіктері әлем тарихы үшін үлкен мәнге ие",36
 Әли-Мұхаммед мешіті,https://kazakhstan.travel/tourist-spot/kk/209/ali-mohammed-mosque,1,0.0,Алматы,Ислам ғибадатханасының бейбіт атмосферасы ешкімді де немқұрайлы қалдырмайды,"Алматы қаласының Жетісу ауданында исламдық сәулет өнерінің бірегей туындысы - Әли-Мұхаммед мешіті бой түзеген. Ислам ордасында орнаған татулық пен тыныштық күйі ешбір келушіні бейжай қалдырмасы анық. Ал өз бейнесімен шығыс сәулетінің ең әсем қырларын айқындап тұрған  құрылыс әсемдігі әрбір көрген жанның шабытына қанат бітіретіндей. Мешітте мұсылман қауымы үшін аса маңызды еңбектер мен кітаптардың барлығы дерлік жинақталған. Ауласындағы көркем гүлзар, алма бағы, мүсінді субұрқақтар мешіттің сыртқы салтанатын арттырып тұр. Осындағы биік ағаштардың көлеңкесінде жайғасып, өзіңізбен іштей сұхба",13
Ә.Қастеев атындағы ҚР Мемлекеттік өнер мұражайы ,https://kazakhstan.travel/tourist-spot/kk/202/a-kasteyev-state-museum-of-arts,3,400.0,Алматы,Мұнда түрлі дәуірлерден аманат болған бейнелеу өнерінің  25 000 жауһары жиналған.,"Қазақстан Республикасының мемлекеттік өнер
мұражайы қазақ бейнелеу өнерінің негізін қалаушы – Әбілхан Қастеевтың атымен
аталады. Мұражай тарихы 1935 жылы, ҚазАКСР –на арналған көрме өткізу туралы Қаулы шыққан кезден басталады. Мұнда түрлі сипаттағы  25мыңнан астам бейнелеу өнерінің туындылары
ұсынылған, олар Қазақстан, Ресей, Азия және Батыс Еуропа халықтарының мәдени
рухын жеткізеді. Мұражайда белгілі қазақстандық суретшілер мен мүсіншілер: Ә.
Қастеев, Қ. Тельжанов, А. Степанова, Г. Исмаилова, Х. Наурызбаев және есімі
әлемге аян Сергей Калмыковтың 1500 шығармасы сақталған 14 көрме залы бар. Шығармашылық
мәдениет ошағының қазыналы қоры жаңа туындылармен үнемі толығып отырады,
сондықтан мұнда келген сайын сіз өзіңіз үшін бейнелеу өнері әлемінің жаңа және беймәлім, бірақ ә",76
«Шымбұлақ» тау-шаңғы курорты,https://kazakhstan.travel/tourist-spot/kk/195/shymbulak-ski-resort,4,0.0,Алматы,"Шаңғы спортына әуес , асқар тауларға асық әр адам Шымбұлақтың төрінде іздеген игілігін табары анық.","Саф ауамен тыныстап, көркем көріністерді тамашалап, Табиғат-Ананың аясында сарқылмас күш-қуатқа кенелгеннен асқан бақыт бар ма? Иә, егер сіз Шымбұлақта болсаңыз. Бұл тау-шаңғы курорты жоғарыда аталғанға қоса, тау шаңғысына керемет бейімделген бейкейлер мен әлемдік талаптарға сай спорт алаңдарын ұсынады.Іле Алатауы шатқалында, қала орталығынан небәрі 30 минут қашықта орналасқан тау-шаңғы курорты қысы-жазы қала тұрғындары мен қонақтарын қуантар қызықтарға толы. Тек жолға шықпастан бұрын, мұндағы ауа температурасы қаладан 10 градусқа төмен болатынын ескеріп, жылы киінсеңіз болғаны.Белсенді демалыс, әсем табиғат, ұмытылмас естелі",38
"""Ақ бұлақ"" тау-шаңғы курорты",https://kazakhstan.travel/tourist-spot/kk/197/ak-bulak-ski-resort,3,0.0,Алматы,"""Ақ бұлақ"" тау-шаңғы курорты туристердің жүрегін жылдам жаулап алып, Алматы облысының ең танымал көрнекті орындары қатарына қосылды.","""Ақ бұлақ"" тау-шаңғы курортында жергілікті табиғаттың сұлулығына тамсана жүріп белсенді және экстрималды спорттың түр-түрін байқап, таза ауада серуендеп, жарқын сәттерге қанық демалыс өткізе аласыз.Мұнда таулы аймаққа тән қатаңдық жоқ, ауа райы жайма-шуақ: қыс бойы қар жамылғысы қалың, таудан салқын самал еседі, аспаннан қашанда күн күлімдеп, қоршаған дүниені ыстық сәулелерімен нұрландырады. Келушілердің қауіпсіздігі мен жайлылығы үшін барлық жағдай жасалған ""Ақ бұлақ"" тау-шаңғы курорты отбасылық демалыс пен достар жиы",17
Көк базар,https://kazakhstan.travel/tourist-spot/kk/206/grekk-bazaar,1,0.0,Алматы,"
Заманауи үлгідегі шығыс базары","Зенков көшесіндегі
Көк базар – аты күллі Алматыға белгілі нағыз туристтік орын. Жүз жылдан аса
тарихы бар сауда нүктесі заманауи шығыс базары үлгісінде болса да, жергілікті
боямасы кетпеген. Мұнда сіз азық-түлік, киім, жиһаз, құрылыс жабдықтарын таба
аласыз, ал шаршап, ашықсаңыз  дәмді үй
тағамдарын әзірлейтін асханалардан дәм тата аласыз. Көк базарда орнаған ерекше
көңіл-күй мен алуандылықтың сан түрлі көріністері алматылықтар мен қала
қонақтарын әр келген сайын таңдай қақтырып, қоржындарын тауарға ғана емес, оған
қоса жарқын әсерлерге толтырып қайтарады. Бұл жерден Қазақстанның көп
ұлттылығын тамашалап қайтуға болады: жайдары өзбек саудагерлері кептірілген
жемістерін ұсынса, тәжіктер тәтті қауындар мен қарбыздардың дәмін татуға
шақырып, «қазақстандық» кәрістер өздерінің дәстүрлі дәмдеуіштері қосылған
салаттарымен қуантады. Бұл тізімді әлі де ұзақ жалғастыра беруге болады. 
Алматының көк
базары- қазақстандық сауда мәдениетінің өзіндік мұражайы іспеттес, бұл жерден
сауда жасамай шығу өте қиын, тәтті-дәмдіге толған сөрелерге көргеннен-ақ
",57
«Медеу» спорт кешені,https://kazakhstan.travel/tourist-spot/kk/198/medeu-skating-rink,2,0.0,Алматы,«Медеу» спорт кешені дүниежүзі бойынша ашық аспан астындағы ең үлкен биіктаулы мұз айдыны,"""Медеу"" - спорт үздіктерінің әлемдік рекордтары сияқты баршаға мәлім деректерден бастап, мұз айдынына шыққан әрбір жанның құпия сырын сақтаған алып кітап іспеттес әр келушісіне ұмытылмас оқиға сыйлайтын ғажайып мекен,Мұндағы ауа райы керемет: жайлы атмосфералық қысым, самал жел, қалыпты деңгейдегі күн радиациясы(денсаулығы сыр беріп жүргендерге де еш зияны жоқ). Медеуге қанша рет келсеңіз, сонша рет қайта оралуға ниет танытасыз. Алғашында өзіне тәнті еткен Іле Алатауының сұлулығы мен ""Медеу әлемі"" ендігіде сізді алшаққа жібермесі анық.Белсенді және
салауатты демалыс, сыпайы қызметкерлер, дәмді кофе, көркем көрініс, келушілердің жайдары да бақытты жүздері. Бір сөзбен:  Медеудің мың бояулы келбетін сөзбен жеткізу мүмкін емес, сіз оны өз к",37
"""Қылует"" этнографиялық мұражайы",https://kazakhstan.travel/tourist-spot/kk/216/kyluet-ethnographic-museum,1,750.0,Шымкент,"Бұл - әр келген қонағын ерекше ілтипатпен қарсы алып, Қазақстан мәдениеті тарихының мәлім де беймәлім қырларын тануға жол нұсқайтын ерекше орын.","Шымкенттегі этнографиялық мұражайды еш әсірелеусіз бірегей мәдениет ошағы дей аламыз. Оған негіз - мұражай экспозициясы мен ғимараты толықтай бір ғана адам - Кендебай Қарабдаловтың қолымен жасалуы. Кендебай Қарабдалов ұлттық мәдениетте мәңгіге сақталған қазақ халқының ежелгі тұрмыс-салтын бейнелейтін саздан жасалған түрлі тұрмыс бұйымдарын, құмыралар мен 10-нан артық музыкалық аспапты қайта жаңғыртқан. Мұражайдың бір бөлігі жер астында орналасқан қылует - жер асты мешіті болып табылады.Мұнда орнаған тыныштық келушілерге рухани үндестік сыйлап, көп дүниені ой елегінен өткізуге итермелейді. Қонақтар өзін қызықтырған кез келген аспаптың әуенін тыңдап, көзеші ұршығында қыш ыдыс жасаудан шебер",28
 Шымкент дендросаябағы,https://kazakhstan.travel/tourist-spot/kk/146/shymkkkt-dkkdrological-park,1,28.0,Шымкент,Әр келушісіне тыныштық пен үйлесімділік сыйлар жайлылығының арқасында қала тұрғындары мен қонақтарының сүйікті орнына айналған керемет орын,"Жыл өткен сайын табиғат аясындағы демалысқа деген сұраныс еселеп артып келеді. Көркем көріністермен тамсанып, таза ауамен тыныстап, қоршаған әлеммен арадағы үйлесімділікті сезіну - ереше жан рақатын сыйлайтыны даусыз. Шымкенттегі мемлекеттік дендросаябақ - жоғарыда аталғанның барлығын тоғыстырған бірегей орын. 1979 жылы қаланған күннен бері саябақта қоршаған орта байлығын сақтау мен еселеуге бағытталған ғылыми-зерттеу жұмыстары жүргізіліп келеді. Мұнда өсімдіктердің түр-түрін, тауыстар, тиіндер мен теңбіл бұғыларды көруге болады. Дендрарий орталығында катамаран бекеті бар  айдыны әсем көл орналасқан. Көлде тұқы тұқымдасына жататын дөңмаңдай балықтар тіршілік етеді. Айтарлықтай кең аумақты жайлаған дендросаябақта велосипедтерді жалға алып, серуендеуге болады. Келушілердің аталмыш екіаяқты ""серіктеріне"" арнайы жолдар да салынған.Шымкент мемлекеттік дендрологиялық саябағын еш күмәнсіз - Қазақстанның көрнекті орны мәртебесіне әбден лайық нысан, оңтүстік өң",12
Көне Сайрам қаласы,https://kazakhstan.travel/tourist-spot/kk/143/ancikkt-city-of-sayram,0,0.0,Шымкент,Ежелгі қала құрылысының жарқын үлгісі болған көне шаһар -бүгінде заманауи Шымкенттің айнымас бір бөлігі," Ерте ортағасырлық жазбалар Сайрамның алғашқы атауы - Испиджаб болғандығын дәйектейді. Сонау көне замандарда Ұлы Жібек жолындағы басты сауда және мәдениет орталықтарының бірі болған шаһардың күллі көшпелі өркениет үшін мән-маңызы аса жоғары болды. Содан болар, бұл өңірде кесенелер, киелі мазарлар, сәулет кешендері сияқты түрлі ортағасырлық  ескерткіштер өте көп. Бұл қатарда, салынуы ХІІ ғасырмен белгіленген Базалақ ата мешітінің мұнарасы ерекше орын алады. Қазіргі Сайрам да баға жетпес жәдігерлерге тұнып тұрған ашық аспан астындағы мұражай іспеттес. Осынау көне қала Қазақстан тарихына қызығушылық танытқан әрбір туристтің саяхатын ",58
" ""Жер Ана"" монументі",https://kazakhstan.travel/tourist-spot/kk/150/jer-ana-monumkkt,1,0.0,Шымкент,"""Жер-Ана"" монументі - туған жерге тағзым идеясын дәріптеудің озық үлгісі.","1)     
“Ордабасы“ алаңы- XVIII ғасырда  үш жүздің басын қосу туралы шарт  жасалған тарихи орын. Ол қазақтың ұлы билері – Қазыбек би, Төле би және Әйтеке би құрметіне аталған көшелерl34 қиылысында орналасқан.  Дәл
осы жерде 2009 жылы тәуелсіздіктің заманауи ескерткіші - “Жер-Ана” монументі
салтанатты түрде ашылды. Биіктігі 34 метрді құрайтын үш қырлы стелланың
ұшар басына «Жер-Ана» бейнесіндегі әйел сұлбалы мүсіні орнатылған. Ескерткіш Қазақстан
Республикасының тәуелсіздігін,  бүгінгі
күндегі қуатты  мемлекет бейнесін және
туған жермен бірлікте болу идеясын кейіптейді. “Жер-Ана” монументі
–  мемлекеттік егемендікті, шынайы патриотизм
сезімін және туған жердің тарихына деген құрметті сақтаудың қа",2
Абдул Хамид Каттани мешіті,https://kazakhstan.travel/tourist-spot/kk/156/abdulhamid-kattani-mosque,1,0.0,Шымкент,"
Абдул Хамид Каттани мешіті - бұл сабырлық, жарық пен тыныштық билеген орын. ","1)      Абдул
Хамид Каттани мешіті, Исламның үшінші негізі – мұсылман адамның мұқтаж  жандарға көмек көрсетуі – зекетті орындаудың
зор үлгісі болып табылады. Сауд Арабиясының тұрғыны Абдул Хамид Каттанидің
зекетінің арқасында Шымкентте 845,5 шаршы метр болатын үлкен мұсылман
ғибадатханасы тұрғызылды. Ол 2000 адамды сыйдыра алады. Құрылымы 7 бөлмеден
тұрады, олардың ішінде дәрістік сабақтар өткізілетін бөлмелер, кітапханалар
және намаз оқуға арналған кең бөлме бар. Мешіттің алтын жалатылған күмбезінің ішін
""Фатиха"" сүресі және Құрандағы танымал ""әл-Күрси"" аяты безендіреді.  ""Алла үйінің"" есіктері әрқашан ашық, сондықтан әрбір
адам осы жерде болып, рух",42
Түркістан облыстық өлкетану мұражайы,https://kazakhstan.travel/tourist-spot/kk/153/turkistan-regional-museum-of-local-history,1,125.0,Шымкент,Қазақстан Республикасындағы ең көне мұражайлардың бірі.,"1)     
1920
жылы ашылған өлкетану мұражайы Қазақстан Республикасындағы ең көне мұражайлардың
бірі болып табылады. Қазіргі таңда оның қорында 88 мыңнан аса құнды экспонат
бар. Барлығы 4 улкен көрме залына жайғастырылған. Палеонтологиялық
археология, этнография, Қазақ хандығының және Тәуелсіз Қазақстан тарихына
бағытталған әрбір зал  өзіндік тақырыпқа
ие. Мұнда ғылыми бағыттағы мақалалар мен кітаптар жинақталған көпшілікке
арналған үлкен кітапхана орналасқан. Сондай-ақ мұражайда экскурсиялық және
көрмелік қызмет көрсету департаменттері және археология мен тарих қорлары бар 5
мамандандырылған бөлім жұмыс жасайды. Тарихи-өлкетану мұражайының негізінде
қызықты экскурсиялық дәрістер өткізіледі, оның барысында барлық экспозициялық
залдардың көрнекті үлгілері жайында толық ақпарат беріледі. Облыстық
мұражайының  Түркістан әдеби-мәдени
мұражайы мен Түркістан округіндегі әдеби-мемориалдық мұражайды қоса
есептегенде, барлығы 8 филиалы бар. Облыстық тарихи-өлкетану мұражайының коллекциясы тұрақты түрде өсіп,
жаңартылатындықтан  келушілерді әрдайым жаңа,
жұмбаққа толы қызықты т",68
 Бәйдібек би монументі,https://kazakhstan.travel/tourist-spot/kk/151/baidibek-bi-monumkkt,1,0.0,Шымкент, Бәйдібек би Қарашаұлы – қазақ халқының ел болып бірігуі жолындағы ерен еңбегімен танылған қайраткер.,"1)     
Шырайлы
Шымкенттің солтүстік бөлігінде «еліміздегі ең биік ескерткіш» мәртебесіне ие еңселі
Бәйдібек би ескерткіші орнатылған. Бәйдібек Қарашаұлы елдің бірігуі мен
тұтастығын сақтауда үлкен рөл атқарған, әрі қазіргі таңда Қазақстан тарихында
аса маңызды орын алған  тұлға ретінде
танымал. Зәулім монумент биіктігі 220 метрге, ал мүсін биіктігі 10 метрге тең. Оның төстабанын ескере отырып, бұл мемориалды құрылысты
әлемдегі ең биік ескерткіштер қатарына  жатқызуға болады.Тарихи деректерге сүйенсек, Бәйдібек би қазақ халқы үшін қиын-қыстау кезеңде кез келген дауды шеше алған,
ұлттың ұйысуына мұрындық бола білген кемеңгер адам болған.
Сондықтан ұлы көсемнің күншығысқа құшағын айқара ашқан мүсіні сол дәуірдегі билердің ашық сипатын және жанының кеңдігін бейнелейді. Бәйдібек би
монументі  сәулет өнерінің құнды ескерткіші
әрі Қазақстан халқының бірлігі идеясын насихаттайтын, өткен дәуір мен бүгінгі
күннің арасындағы рухани сабақтастықты сақтауға деген ұмтылысын айшықтайтын қаланың
басты көрі",9
"""Жайлау"" этноауылы",https://kazakhstan.travel/tourist-spot/kk/5/jailau-ethnic-village,5,0.0,Бурабай,"Бір демалысыңыздың барысында дәстүрлі қазақ ауылының тіршілігімен біте қайнасып, қолөнершілердің шеберлік сабақтары мен түрлі экскурсияларға қатысып, ұлттық ойындардың қызығына бойлап, ем-дом қабылдап қайтқыңыз келсе - ""Жайлауға"" қош келдіңіз!"," Бурабай аумағында қазақ халқының бар қонақжайлылық салтын сақтап, ұлттық мәдениет пен тарихтың қайталанбас көріністерін бірегей ""Жайлау"" ауылы орналасқан. Бұл ауылға қонақ болып түссеңіз, қазақтың дәстүрлерімен, әдет-ғұрып, тұрмыс-тіршілігімен танысып,  тіл үйірер ұлттық тағамдардан дәм тата аласыз.  Бүгінгі таңда әкімшілік этноауыл қызметін  маусым бойы үздіксіз жүргізу бастамасын қарастырып, қазірдің өзінде талай туристті тамсандырған ""Жайлау "" жобасын жетілдіру жұмыстарын қолға алды. Ал әзірге, ""Жайлау"" этноауылы өз қонақтарын түрлі экскурсиялар, қолөнер шеберлік сағаттары, ұлттық ойындар сияқт",20
«Ботай-Бурабай» Ботай мәдениеті мұражайы,https://kazakhstan.travel/tourist-spot/kk/6/botai-burabay-museum,2,0.0,Ақмола облысы,Энеолит дәуірінің Ботай мәдениетіне арналған этнография және археология мұражайы.,"Бурабай - таңқалдырар қыры таусылмайтын ерекше орын. Олай деуіміздің тағы бір себебі - энеолит дәуірінің Ботай мәдениетіне арналған ""Ботай-Бурабай"" этнография және археология мұражайы. Кешен диаметрі 8-10 метр аралығында өзгеріп тұратын ежелгі дәуірлерге сай тұрғызылған 7 қонысты біріктіреді. Барлық қоныстар өзара жерасты өткелдерімен байланысқан, әрі әрқайсысының өзіндік мән-мағынасы бар. Осылайша бір қоныста сол дәуірдің кәсібімен шұғылданып көрсеңіз, екінші бірінде Ботай кезеңінің қару-жарақтарымен таныса аласыз.""Ботай-Бурабай"" кешенінің ашылуы елордамыздың мерейтойына орайластырылып, бүгінгі таңда ежелгі әлем тарихын сақтау және насихаттау бағытындағы ағартушылық қы",32
 Кенесары үңгірі,https://kazakhstan.travel/tourist-spot/kk/4/kkkesary-cave,4,1900.0,Ақмола облысы,"Бурабайдағы басты көрнекті орындардың бірі Үш жүздің соңғы ханы, қасық қаны қалғанша ел тәуелсіздігі үшін күрескен қайраткер - Кенесары атымен аталған.","Кенесары хан - Қазақстан тарихында есімі алтын әріппен жазылған үш жүздің соңғы ханы. Хан Кененің әуестіктері ішінде аңшылық ерекше орын алғаны белгілі. Аңшылық кезінде хан осынау үңгір орналасқан шоқының бөктерінде жиі қонып жүрген деседі.Кенесары үңгірінің табиғи құрылымы киіз үйді еске салады. Табиғи ескерткіштің жоғарғы бөлігінде үйреншікті шаңырақтың орнында шеңбер пішініндегі саңылау орналасқан. Үңгірге апарар жол тас баспалдақтардан құралған. Дәл осы жерде көрген көзді сүріндірер әсем көрініс пайда болады - Әулиекөлдің айнадай айдынына түскен әрбір сәуле шағылысып, көл бетін одан сайын жарқырата түседі.Кенесары үңгіріне жасалатын экскурсия маңызды тарихи сарынға ие болғандықтан, жергілікті гидтер келуші қауымға осы ұлы қайраткердің өмірі мен өткені жайлы толық баяндап, сол дәуірдің жай-күй",10
Абылай хан алаңы және хан тағы,https://kazakhstan.travel/tourist-spot/kk/2/the-glade-and-the-throne-of-ablai-khan,2,0.0,Ақмола облысы,Қазақ даласының ұлы ханы Абылай ханның ордасы - Бурабайдағы барлық саяхат бағдарларының басты нысаны болып табылады.,"Қазақ мемлекетілігі қалыптаса бастаған кезеңнің бірегей ескерткіші - ""Абылай хан алаңы және хан тағы"" табиғаты ерекше аймақта орын тапқан. Бұл жерде ағзаның жасаруына септігін тигізетін белсенді ультракүлгін сәулелердің шоғырлану құбылысы анықталды. Сонымен қоса бұл аймақ көптеген көшпелі тайпалардың аңыз-әпсаналарында да жиі аталады. Олар жайлы көбірек білуге ынталы болсаңыз, жергілікті гидтердің қызықты әңгімелерін ұйып тыңдауға дайындала беріңіз.""Абылай хан алаңы және хан тағы"" сияқты киелі рухани орынға  келген уақытыңызда бір мезетте әсем табиғат аясында бой сергітіп, естелікке сақталар әдемі суреттер жасап, Қазақстан тарихы ",43
«АЛЖИР» мемориалды-мұражай кешені,https://kazakhstan.travel/tourist-spot/kk/10/alzhir-museum,1,200.0,Ақмола облысы,"Мемориалды кешен тоталитаризм дәуіріндегі саяси қуғын-сүргін құрбандарының ""АЛЖИР""-да өткізген бейнетті күндері мен әрбірінің сарқылмас ерік-жігері жайлы сыр шертеді.","Отан сатқындары әйелдерінің Ақмоладағы лагері - әр түйір топырағы мұң-налаға толы, әр тасында тұтқында болған 18 мың әйелдің қайғы-қасіреті жасырылған орын. Бұл жерге аяқ басқан әр адамның көңілі құлазып, көзі жасқа толары анық. Мұндағы ""Қасірет қақпасы""(арасынан өткен кезде әр келуші басын төмен түсіріп, тағзым білдіруі тиіс), ""Сталиндік вагон"", «антикеңестік әрекеттерге баруы ықтимал, әлеуметтік қауіпті» деп танылған тұтқын әйелдер тұрған барак терең мағыналы, санаға салар салмағы ауыр туындылар. Саяси қуғын-сүргін құрбандарына арналған ""АЛЖИР"" мемориалды-мұражай кешені  - жүрекке үрей ұялатар орын екенін жоққа шығара алмаймыз. Әйтсе де, кей ""халық көсемдерінің"" санасыз саясаты мен соқыр озбырлығының ауыр зардаптары мен сұмдық салдарын танытатын аса маңызды тарихи ныс",29
Әулие Николай кафедралы соборы,https://kazakhstan.travel/tourist-spot/kk/16/st-nicholas-cathedral-in-aktobe,0,0.0,Ақтөбе,"Әулие Николай соборы миссионерлік қызметті жүзеге асырып, белсенді түрде қайырымдылықпен айналысады.","Әулие Николай кафедралы соборы Ақтөбе облысының бас православ шіркеуі болып табылады және Ақтөбе- Орал бірлескен епархиясының құрамына кіреді. 2006 жылы болашақ дін ордасының алғашқы кірпіші қаланып, 2008 жылы Нұрсұлтан Назарбаев пен Дмитрий Медведевтің қатысуымен шіркеудің ашылу салтанаты өткізілді. Құрылыс қала және облыс тұрғындарының күш жұмылдыруымен іске асты және оның атауы қазақстандық метрополит Николай Могилевскийдің есімімен байланыстырылған. Сәулет ұшқырлығы мен рухани қарапайымдылық ұштасқан шіркеу бейнесін алтын түстес күмбездер керемет толықтырып тұр.  Бүгінде шіркеу миссионерлік қызмет пен қайырымдылық жұмыстарын қатар жүргізіп келеді. Көз бен жанға бірдей жағымды әсер ететін шіркеу әр келген қонағын православ мәдениетіне тән қон",77
«Бірлік және Келісім» желекжолы,https://kazakhstan.travel/tourist-spot/kk/18/the-boulevard-of-unity-and-accord,2,0.0,Ақтөбе,"Ақтөбенің қақ орталығында қаланың 140-жылдық мерейтойына арналып салынған ""Бірлік және Келісім"" желекжолымен серуендеп, шаһардың тыныс-тіршілігін сезініп көріңіз.","Ақтөбе қаласының 140-жылдығына орай салынған әсем ""Бейбітшілік және Келісім"" желекжолы қала көркін еселей түсті. Ол Әулие Николай шіркеуі мен Нұр-Ғасыр мешітінің қақ ортасында орналасып, еліміздегі барлық ұлттар мен ұлыстардың бірлік-берекесін, әр түрлі дін өкілдерінің келісімге негізденген қарым-қатынасын білдіреді. Желекжолдың сәнін келтірер нысандардың қатарында Қазақстан азаматтарының ауызбірлігін бейнелейтін ""Шаңырақ"" монументі, 170 орындық амфитеатр,  мемориалды ротонда бар. Оған қоса қазақстандықтардың қонақжайлылығы мен жомарттығының белгісіндей болған ""Молшылық тостағаны"" әуенді субұрқағы мұндағы кез келген серуенді әсерлі етеді. Бұл желекжол Ақтөбедегі саяхатыңызды жарқын фотосуреттер мен ә",33
"Ақтөбе облыстық ""Нұр-Ғасыр"" орталық мешіті",https://kazakhstan.travel/tourist-spot/kk/15/nur-gasyr-regional-mosque,0,0.0,Ақтөбе,"""Нұр-Ғасыр"" -  діни маңызы мен салтанатты сәулеті үйлесім тапқан рухани орда.","2008 жылы негізі қаланған ""Нұр-Ғасыр"" мешіті бүгінгі таңда Ақтөбе қаласының орталық мешіті болып табылады. Ислам ордасының ашылу салтанатына Қазақстан және Ресей Үкіметтерінің өкілдері қатысқан болатын. Құрылыс қала тұрғындарының 4 жыл бойы жалғасқан қайырымдылығы нәтижесінде жиналған қаражаты есебінен жүрді. ""Нұр-Ғасыр"" мешітінің жобасын әйгілі сәулетші Әнуар Саттаров әзірлеген. Мешіт шаршы пішінінде салынып, бұрыштарында 63 метрлік мұнаралар тұрғызылған. Ғимараттың орта тұсында алтын түстес 40 метрлік күмбез орнатылған. Мешітте бір мезгілде 3000 мың адамды сыйдыра алатын  кең зал бар. 500 адамға есептелген ""Әйелдер залы""  Бас күмбезді залдың үстінде 2-ші қабатта орналасқан.""Нұр-Ғасыр"" - Ақтөбе қаласының негізгі көрнекті орындарының бірі. Мұнда келген әр адам жанына медеу бол",47
Аюлы сарқырамасы,https://kazakhstan.travel/tourist-spot/kk/232/bear-waterfall,2,0.0,Алматы облысы,Аюлы сарқырамасы - оңтүстік астанамызға келген саяхатшылардың экскурсиялық бағдарынан қашан да басты орын алатын танымал туристік орын.,"Аюлы сарқырамасы - кез келген туристік бағдардың сәнін келтірер туристік нысан. Оған апарар жол қарапайым әрі қысқа. Бағытыңыздың барысында жақсы жабдықталған соқпақ, көптеген көпірлер мен сарқырамаға шығар жолдағы жартастарға салынған ағаш сатылар арқылы өтетін боласыз. Сарқыраманың өзі Қараш жотасының бөктеріндегі жартастың терең қуысында орналасқан. Мұндағы Жамбас асуынан Аюлы бұлағы ағып жатыр. Биіктігі 29 метрге жететін сарқыраманың атауы да тектен-тек ""Аюлы"" емес. Дәл осы маңайда бір топ аю мекен етеді екен.Бұл - саяхат үшін ең қолжетімді де жайлы сарқырама болғандықтан, осында демаламын деуші туристер саны ",45
"""Тастау"" туристік базасы",https://kazakhstan.travel/tourist-spot/kk/239/tastau-tourist-base,1,0.0,Алматы облысы,"""Тастау"" туристік базасы Жетісу Алатауының көркем бауырайында, Сандықтас шыңына жақын маңда орналасқан.","""Тастау"" туристік базасы Жетісу Алатауының көркем табиғат көріністерімен көмкерілген ауданында орналасқан. Әлі күнге дейін, бұл жер көптеген жабайы аңдарға пана болып келеді. База аймағынан радиалды бағдардағы жаяу, автокөлікпен немесе атты экскурсиялар ұйымдастырылады. Мұнда өсімдіктердің 600 түрі өніп-өседі. Теңіз деңгейінен 1200 метр биіктікте алма бақтары мен өрік қопалары басталып, жоғарырақ көктеректер тізіліп, 1500 метр биіктікте 2800-2900 метр биіктікке дейін жететін шыршалы орманға ұласады. Одан әрмен альпілік шалғандарға қарай көтерілетін бұталы арша қопасы жайқалады. Бұл өңір кереметімен тамсандырар жерұйық іспеттес.Аймақтың қайталанбас табиғи жағдайы - жайлы ауа-райы мен тартымды тау бедері - өсімдіктердің бай түрлілігімен әсемдене түседі. Бәрінен бұрын, мұндағы қарағайлы орманд",24
Атапқан асуы,https://kazakhstan.travel/tourist-spot/kk/238/atapkan-pass,1,0.0,Алматы облысы,Осынау жан аяғы баспаған жерлердің  көркем табиғаты мен адам баласын жат көрмейтін жануарлар тіршілігінің үйлесімі көрген көзді бейжай қалдырмасы анық.,"Атапқан асуы Жетісу Алатауы ұлттық саябағының аумағында орналасқан. Бұл жерден Тентек өзенінің аңғары мен сол аттас шатқалға керемет көріністер ашылады. Табиғат әсемдігін тамашалап тұрғаныңызда аю, бұғы, тауешкі секілді жабайы аңдарды суретке түсіріп алуға да мүмкіндігіңіз жоғары. Осынау жан аяғы баспаған жерлердің  көркем табиғаты мен адам баласын жат көрмейтін жануарлар тіршілігінің үйлесімі көрген көзді бейжай қалдырмасы анық.2500 метр биіктікте Атапқан өзенінің бастауындағы ежелгі мореналарда кішігірім көл орналасқан. 1650-2450 метр биіктік аралығындағы ",44
Баянжүрек таулары,https://kazakhstan.travel/tourist-spot/kk/237/bayanjurek-mountains,3,0.0,Алматы облысы,Баянжүрек - Жетісу Алатауының бөктерінде орналасқан аласа қалдық таулар.,"Баянжүрек - Жетісу Алатауының бөктерінде орналасқан аласа қалдық таулар.Олардың ұзындығы 14 шақырым, ені 6 шақырым, абсолюттік биіктігі теңіз деңгейінен 2079 метр. Баянжүрек бауырайынан Бүйен өзенінің салалары бастау алады. Бұл таулар ""Баянжүрек"" петроглифтік кешенімен көпке танымал.Оңтүстік-батыс беткейдегі жартастар мен ірі тастарда жүздеген тасқа қашалып салынған суреттерді кездестіруге болады. Бұлардың оқиға желісі мен мәнері басқа жетісулық ескерткіштерден ерекшеленеді. Бейнелердің басым бөлігі қола дәуірінде тасқа түскен. Дегенмен, бірқатар ғалымдар энеолит дәуіріне (б.з. 3 мыңжылдығының соңы) сай суреттер топтамасы бар екенін мәлімдейді. Баянжүрек жартастарында салт атты ерлер, ат жарыс, жаяу мергендер, аңшылық көріністері, түрлі аңдар, сол кездегі адамдардың болмыс жайлы танымын бейнелейтін  грифон құстар сияқты қиял-ғажайып бейнелер қашалып салынған. Баянжүрек петроглифтерінің басты өзгешелігі Түркі дәуіріне қатысты ортағасырлық суреттердің көптігімен сипатталады. Оған қоса, Ортағасырлардағы түркілердің этнографиясы мен мәдениеті туралы сыр шертетін руна жазуы да теңдес",49
Сарайшық қалашығы,https://kazakhstan.travel/tourist-spot/kk/37/ancikkt-city-of-saraishyk,2,0.0,Атырау облысы,Сарайшық - елімізідің өткені жайлы сыр шертетін баға жетпес ұлттық мұрамыз,"Сарайшық қалашығы Қазақстан аумағындағы тарихы сан мыңжылдыққа жалғасқан ең көне ескерткіштердің бірі болып табылады. Алтын Орда және Қазақ хандығы дәуірлерінде негізгі керуен жолдары Сарайшық бойымен өткендіктен қала маңызды сауда орталығы ретінде белгілі болған. Өткен ғасырдың 90-шы жылдары жүргізілген археологиялық қазба жұмыстары барысында осы аймақтан алтын ою-өрнектермен безендірілген қыш-құмыралардың көптеген үлгілері табылған. 1999 жылы құрамында мұражай, мешіт, хан мазарларын біріктірген ""Хан ордасы"" мемориалды кешенінің негізі қаланды. Мұражайға зерттеу жұмыстары кезінде табылған жәдігерлер сақталған.  Бүгінде Сарайшық қаласы - халқымыздың ата-баба рухына деген тағзым мен құрмет нышаны, Қазақста",63
Успен соборы,https://kazakhstan.travel/tourist-spot/kk/45/assumption-cathedral,0,0.0,Атырау,Мұнда Әулиелердің мүрделері және Құдай Ана мен  Алматының митрополиті Әулие Николайдың аса бағалы иконалары орналасқан,"Атырау қаласындағы Исатаи даңғылы мен Гагарин көшесінің қиылысында Әулие Құдай ананың Успен соборы орналасқан. Бұл ескі шіркеу 1885 жылы ашылған. Кеңес үкіметінің соғыстан кейінгі кезеңінде собор белгілі себептермен жабылған, бірақ кейінірек, ол Орал махалласының қатарына қосылған болатын, ал қазіргі күндері православиелік шіркеу екінші кафедралық соборы мәртебесіне ие.Успен шіркеуінің қабырғасында тұрақты түрде құдайға құлшылық етіледі. Мұнда Әулиелердің мүрделері және Құдай Ананың,  Алматының митрополиті Әулие Николайдың аса бағалы иконалары орналасқан. Әулие Құдай ананың Успен соборы қорғалатын объектілердің Республикалық тізіміне енгізілген. Оның керемет ішкі көрінісі, иконаларды салушы дарынды суретшімен қабырғаларда салынған Киелі кітап оқиғаларының христиандық мақамдары мұндағы атмосфераға салтанаттылық сыйлайды. Атыраудың көрікті кафедралық соборы шіркеуі дінбасыларын жайлылығы мен игілігімен және шынайы Қ",70
«Қали Жүніс» моншасы ,https://kazakhstan.travel/tourist-spot/kk/60/kali-yunus-bathhouse,2,0.0,Тараз,«Қали Жүніс» моншасы – тарихи және дәстүрлі маңыздылығына байланысты Жамбыл облысының қонақтары арасында кеңінен танымал. ,"Тараздың басты мәдени орындарының бірі - 19 ғасырға жататын шығыс «Қали Жүніс» моншасы. 450 шаршы метрлік моншаның құрылысы ортағасырлық сәулет идеясының негіздерімен бірге шығыс типтегі сумен жабдықтау және жылыту жүйелерімен салынған. Құрылыстың қалпына келтірілгеніне қарамастан, құрылымның сыртқы және ішкі көрінісі өзгермеген. Монша - көп күмбезді ғимарат және жарық мұнда мұнараның жоғарғы бөлігіндегі кішкене саңылаулар арқылы түседі. Оның құрамына бес бөлме кіреді, олардың әрқайсысы көркем суреттермен безендірілген, бірақ, қазір мұнда тек отыруға арналған шығыңқы жерлер ғана қалған.«Қали Жүніс» моншасы – тарихи және дәстүрлі маңыздылығына байланысты Жамбыл облысының қонақтары арасында кеңінен танымал. Мұнда бірнеше жүздеген жылдарға қайтып оралып, өзіңді Ұлы Жібек Жолының ыстық жолдарында керуенмен ұзақ сапардан кейін тынығуға шешім қабылдаған ",39
" ""Төрткүл"" керуен сарайы",https://kazakhstan.travel/tourist-spot/kk/61/tortkol-caravanserai,2,0.0,Тараз,Жамбыл облысының тұрғындары мен туристері арасында Төрткүл керуен сарайының танымалдылығы оның аса тарихи маңыздылығымен және ерекше мұражайдың ашық аспанастында орналасуымен түсіндіріледі.,"«Төрткүл» керуен сарайы – бұл, ҰлыЖібек жолының туристік объектілерінің тізіміне енгізілген Тараз өңірінің таулы аймақтарындағы тарихи ескерткіш. Ол 85 пен 100 метрге тең төртбұрышты алаңның шегінде орналасқан. 1983 жылы мұнда бірінші зерттеу жұмыстары жүргізіліп басталды, ал 2008 жылдан 2011 жылға дейінгі кезеңде ортағасырлық түркі мәдениетінің 40-тан астам бағалы заттары табылған. Археологиялық қазба жұмыстарына сәйкес бұрынғы керуен сарайының аумағында қонақ үй мен монша болған.Табылған жәдігерлерге монеталар және қыш ыдыстардың қалдықтары да жатады.Жамбыл облысының тұрғындары мен туристері арасында Төрткүл керуен сарайының танымалдылығы оның аса тарихи маңыздылығымен және ерекше мұражайдың ашық аспанастында орналасуымен түсіндіріледі. Сонымен қатар Төрткүл керуен сар",3
Жамбыл облыстық тарихи-өлкетану мұражайы,https://kazakhstan.travel/tourist-spot/kk/240/jambyl-regional-museum-of-local-history,1,175.0,Тараз,Өңірдің бай тарихын танудың ең абзал жолы - мұражайға бару.,"Жамбыл облыстық тарихи-өлкетану мұражайы 1931 жылы ашылған. Бастапқыда қалалық мұражай мәртебесін беріліп, 40-шы жылдардың соңында облыстық тарихи-өлкетану мұражайы болып өзгертілді.Мұражай қоры өзіндік тарихы бар 40 мыңнан астам жәдігерден тұрады. Бұл қатарда археологиялық табыстар, өнер туындылары, қолөнер бұйымдары, көне құжаттар, қызықты суреттер және басқа да тарихи құнды мұра өте көп. Мұражайдың басты қазынасы - бөлек экспозиция ғана емес, бүтіндей коллекцияны құрайтын Көне Тараз жәдігерлері болып табылады. Ежелгі шаһар біздің заманымызға дейін бой көтергені жайлы дәлелдер археологиялық қ",53
Ақсу-Жабағылы мемлекеттік табиғи қорығы және Көксай шатқалы,https://kazakhstan.travel/tourist-spot/kk/66/aksu-jabagly-nature-reserve-and-koksai-canyon,1,0.0,Жамбыл облысы,"Ақсу-Жабағылы қорығы Қазақстан аумағында ұйымдастырылған алғашқы биосфералық резерват болып табылады.
","Батыс Тянь-Шань бөктерінде орналасқан Ақсу-Жабағылы қорығы – түрлі табиғи аймақтар мен алуан жер бедері үйлесім тапқан аса көркем орын. Қар құрсауындағы асқар шыңдар, биіктаулы гүлдермен көмкерілген алқаптар ешкімді бейжай қалдырмас көріністерге себепкер болады. Қорықта жануарлар мен өсімдіктердің  көптеген түрі тіршілік етіп, өніп-өсуде. Олардың қатарына осы аймақты ғана мекен еткен эндемик түрлер де жетерлік.
Ақсу-Жабағылы қорығында түлкілер мен қасқырларды, болмысынан бекзат ілбістерді, аюлар мен жайраларды кездестіріп, қанаттылар әлемімен танысып, сирек кездесетін өсімдіктердің кереметіне көз тойдыра аласыз. Қорық қызметкерлері үлкенді-кішілі келушілерге арнап қызықты жорықтар мен экскурсияларды тұрақты түрде ұйымдастырып, қорық қонақтарын жиі қуантып тұрады.
Көксай шатқалы – жылдың қай мезгілінде де көрген жанды тылсым көріністерімен баурап алар Ақсу-Жабағылының басты көрнекті орны. Бір шатқалдың маңынан жасыл желекке оранған орманды да, шүйгін шөпті шалғындарды да, дархан даланы да табуға болады. Мұндағы табиғаттың тамашасын сырлы қызғалдақтар мен нәзік түймедақтар, емдік қасиеті шаш етектен шайқурай мен мыңжапырақ еселей түседі. Шатқалда жаяу серуендеуге немесе атқа мініп араласаңыз болады.
Ерекше атап өтуге тұрарлық тағы бір нысан – Ақсу өзенінің шатқалы. Көктем келісімен шатқал маңы Қызыл кітапқа енген Грейг және Кауфман қызғалдақтары құлпырған алқапқа айналады. Аталған Грейг қызғалдағы Ақсу-Жабағылы қорығының символы әрі Шымкент қаласының белгісі ретінде танылған.
Табиғат аясында тынығуға ынталы туристердің таңдауы көп жағдайда Ақсу-Жабағылы қорығына түседі. Әсіресе Түркістан және Жамбыл облыстарынан жол бастаған саяхатшылар өте көп.
2020-2021 жж. кезеңінде қажет болар кеңестер
Қалай жетуге болады?
Ақсу-Жабағылы бойынша экскурсияны қорық кеңсесі орналасқан Түркістан облысы, Түлкібас ауданы, Жабағылы елді мекенінен бастаған жөн. Жабағылыға жету үшін Алматыдан 600 шақырым, Шымкенттен 100 шақырым жүріп өтуіңіз керек. Теміржол арқылы сапарлайтын болсаңыз, Түлкібас бекетінен түсіп, қалған 18 шақырымды жеке не бағдарлы таксимен еңсеруіңізге болады. Сонымен бірге «Алматы – Ташкент» тасжолымен жүретін автобусқа мініп, Ақбиік бекетіне дейін жетіп, қорыққа дейінгі 10 шақырым жолды таксимен жүріп өте аласыз. Ақбиіктің қонақжай халқы келген қонағын көліксіз қалдырмасы анық.
Шырайлы Шымкенттен Жабағылы жеріне жеткізер жол «Айна» базарының автобекетінен немесе теміржол вокзалының кіреберісінен басталады. Біріншісінде бағдарлы автобусқа мінесіз, екіншісінде такси қызметіне жүгінесіз.
Орналасу және тамақтану
Қорық аумағында келушілер үшін аса ыңғайлы, көлік тұрағы мен асханасы бар қонақүй қызмет көрсетеді. Толық ақпарат aksu-jabagly.kz сайтында қолжетімді.
Жалпы Жабағылыға жол түссе, қонақүйлердің жайлы тұрақ пен дәмді дастарханнан бөлек ұсынарын байқап көріңіз. Қонақүй иелері жергілікті көрнекті орындарға экскурсия ұйымдастырып, қазақ ұлттық тағамдарын әзірлеуді үйрететін шеберлік сабақтарын да өткізеді.
Автокөлікпен саяхаттауды жоспарлаған болсаңыз, тағы бір айтар кеңесіміз бар. Жол-жөнекей жолығар базарларды назарыңыздан тыс қалдырмай, азық қоржыныңызға күн шуағына шомыла піскен онтүстіктің жеміс-көкөністері мен әлемнің басқа қай түкпірінен іздесеңіз де, таб",46
«Ақыртас» сарай кешені ,https://kazakhstan.travel/tourist-spot/kk/64/akyrtas-palace,2,0.0,Жамбыл облысы,"«Ақыртас» сарай кешені әлемдік ғалым қайраткерлерінде үлкен қызығушылық тудыра, оның зерттеу жұмыстары бүгінгі күні әлі жалғасуда.","Ерекше «Ақыртас» сарай кешені Жамбыл облысының Тараз қаласына жақын жерде орналасқан. Бұл ортағасырлық мәдениеттің ескерткіші ЮНЕСКО-ның Бүкіләлемдік мұралар тізіміне енгізілген. Керемет құрылымның тарихы көптеген құпиялармен тығыз байланысты, сондықтан ғалымдар оның пайда болуы теорияларын әлі де ұсынуда. Қазіргі Ақыртас – бұл, үлкен тас блоктардың қалдықтары, оның құрылысы өткен ғасырларда іс жүзінде мүмкін емес болған, бұл көптеген ғалымдар мен этнографтарды таңғалдырады. Сарай ғимараты төрт бөліктен тұрады, ал кешен пайдалы қазбаларды өндіруге арналған тау разрезін, саябақты және тұрғын үй құрылыстарын қамтиды. Ақыртастың қабырғалары өте қатты және берік, ал ғимарат іргетасының биіктігі 4 метрге дейін жетеді. Кешен тұрғындары сумен қамтамасыз етілген, себебі жақын арада орналасқан бұлақтардан сужеткізу жүйесі салынған еді.«Ақыртас» сарай кешені әлемдік ғалым қайраткерлерінде үлкен қызығушылық тудыра, оның зерттеу ж",31
«Айша бибі» және «Бабаджа қатын» кесенелері ,https://kazakhstan.travel/tourist-spot/kk/62/aisha-bibi-and-babaji-khatun-mausoleums,1,0.0,Жамбыл облысы," Бұл екі, түрлі аңыздармен қоршалған, құрылыс ғимараттары Тараздың шекарасына жақын жерде екі аңызға айналған екі ғимарат тұрғызылды.","«Айша бибі» және «Бабаджа қатын» кесенелері Жамбыл облысының інжу-маржандары және ортағасырлық сәулет өнерінің 11-12 ғасырлар ескерткіштері болып табылады. Бұл екі, түрлі аңыздармен қоршалған, құрылыс ғимараттары Тараздың шекарасына жақын жерде екі аңызға айналған екі ғимарат тұрғызылды.Жетім қалған Айша-бибі Қараханның сүйіктісі болған, бірақ оның қамқоршысы екі сүйген адамдардың некелеріне келісімін бермеген, осылайша, үмітсіз қалған қыз үйден қашып кетіп, көп ұзамай жылан уынан қайтыс болған деп саналады. Сонда қайғыға толы Қарахан сүйген жарының қайтыс болған жерінде кесене тұрғызған, бірақ-та, өкінішке орай, ол кесененің негізін қалаған ежелгі сәулетшілер туралы нақты ақпарат жоқ. Бабаджа қатын осындай жағдайға ұшыраған қыздың адал дос-ұстазы болған, ол біраз уақыт қыздың кесенесін қорғаған, ал қайтыс болғаннан кейін, оны Айшаның кесенесінен бірнеше қадам жерде жерлеген.Айша Бибі кесенесі – елдегі жалғыз сәулет өнерінің ескерткіші болып табылатын бірегей ғимарат, ол толықтай терракоталық плиталармен қапталған. Ал «Бабаджа қатын» қабірін оның шатыр пішіндес көрнекті қырлы күмбезі сипаттайды, бұл оны жалғыз ортағасырлық үлгілерінің қатарына жатқызады. Қазір күндері, кесенелер сенушілерге арналған қажылыққа бару орталықтарына және туристердің  сүйікті орындарына айналған. Себебі өздеріне естелік ретінде Айша Бибі кесенесімен фото-естеліктер қалдырады.  Ескерткіштердің салтанаттығы олардың рухани қарапайымдылығымен тығыз байланыста, сондықтан бұл жерде әрдайым тыныштық п",30
«Қарахан» кесенесі,https://kazakhstan.travel/tourist-spot/kk/58/mausoleums-of-karakhan-and-dautbek,1,0.0,Жамбыл облысы,Қазақстан Республикасының мәдени мұраларының тізімінде және Жамбыл облысының туристері мен тұрғындарының арасындағы танымал орын.,"«Қарахан», «Дәуітбек», «Арыстан баб» және «Бабаджа қатын» кесенелері Қазақстанның аумағында көне діни ғимараттардың бірі болып табылады. Сенімдерге сәйкес, қарахандық әскердің бас қолбасшысы Дәуітбек Қараханмен туыстық қатынаста болғандықтан, олардың қабірлері бір-бірінен алыс емес орналастырылған. Құрылыс шаршы тектес пішінді.«Қарахан» кесенесінің ішкі келбеті орталық залды, кішігірім хужраларды және шатырға шығатын баспалдақты қамтиды, ал «Дәуітбек» мұсылман шіркеуінің орталығы қазақ қолбасшысының қайтыс болған күні жазылған пирамида түріндегі қабірмен толықтырылады.  Екі ескерткіш де Қазақстанның кесенелерінің тізімінде ойып орын алған және де олар мемлекеттің қорғауында, Қазақстан Республикасының мәдени мұраларының тізімінде және Жамбыл облысының туристері мен тұр",40
«Ежелгі Тараз» тарихи-мәдени орталығы ,https://kazakhstan.travel/tourist-spot/kk/56/ancikkt-taraz-historical-and-cultural-ckkter,2,175.0,Тараз,«Ежелгі Тараз» тарихи-мәдени орталығы - Қазақстанның аумағындағы өркениеттің даму тарихымен жақынырақ танысуға болатын тамаша орын.,"Бұл – ауданы 10 гектар жерге тең, ашық аспан астындағы мұражай саябақ. Кешен еліміздің маңызды мәдени мұрасы болып табылады, сонымен қатар мұнда көптеген жылдар бойы дала өркениетінің маңызды тарихи деректеріне жарық түсірген, маңызды археологиялық және зерттеу жұмыстарын жүргізіледі. Кез келген адам қазба кезінде табылған өткен дәуірдің ескі нысандарын және қалдықтарын ұстап көру үшін бұл ерекше орынға келе алады. Жәдігерлердің арасынан көпғасырлық монеталар, тұрмыстық заттар мен ыдыс-аяқтар, сондай-ақ мұнда петроглифтер, мешіттің, медреселер мен моншалардың қалдықтары табылған.«Ежелгі Тараз» тарихи-мәдени орталығы - Қазақстанның аумағындағы өркениеттің даму тарихымен жақ",35
Тұңғыш Президенттің тарихи-мәдени орталығы ,https://kazakhstan.travel/tourist-spot/kk/86/historical-and-cultural-ckkter-of-the-first-presidkkt,2,600.0,Қарағанды облысы,"Оның негізгі міндеті Президенттің тұлғасымен, оның қызметі мен Қазақстан Республикасының дамуына қосқан баға жетпес үлесімен танысуға бағытталған.","Қарағанды облысының Теміртау қаласында 2011 жылы жұмысын бастаған Тұңғыш Президенттің тарихи-мәдени мұражайы ашылды. Теміртау - Нұрсұлтан Назарбаевтың өмір жолының маңызды бөлігі болып табылады, сондықтан орталықтың орналасуы өте символикалық. Оның негізгі міндеті Президенттің тұлғасымен, оның қызметі мен Қазақстан Республикасының дамуына қосқан баға жетпес үлесімен танысуға бағытталған.Мұражай ғимаратының өзі, оның көгілдір түсті үлкен, жылтылдап тұрған шатыры, тіпті, алыстан да назар аударады. Киіз үй - дала халқының дәстүрлі үйі екендігін ескерте кеткенде, өте салтанатты және символды. Орталық 6 көрме залынан тұрады: «Уақыт ағымында», «Қазақстан жолы», «Қазақстанның құрыш келбеті», «Тұлғаның ерен қабілеті», «Тәуелсіз Қазақстан», «Өз заманының перзенті». Мұнда Қарағанды облысының тұрғындары мен қонақтарына елдің ғылыми және мәдени жетістіктерін көрсететін ғылыми-зерттеу жұмы",69
Беғазы қорымы ,https://kazakhstan.travel/tourist-spot/kk/83/begazy-burial-ground,1,0.0,Қарағанды облысы,Мұнда қола дәуірінің тайпа көшбасшыларының және дін басыларының қабірлері орналасқан.,"Беғазы қорымы - Қарағанды облысының көне көрнекті жерлерінің ең жарқын мысалы. Мұнда қола дәуірінің тайпа көшбасшыларының және дін басыларының қабірлері орналасқан. Ежелгі мазардың аумағында қазба жұмыстары жүргізіліп, оның барысында қыш құмыралар, ыдыстар, қару элементтері мен жануарлардың сүйектері табылды. Сонымен қатар, Беғазы кешенінің сол кезеңнің сәулетіне тән бірнеше құрылымнан тұратыны белгілі. Жергілікті кесенелер шаршы пішінінде граниттен жасалған, олардың о",52
Бектау-Ата тау тізбегі ,https://kazakhstan.travel/tourist-spot/kk/82/bektau-ata-mountain-range,1,0.0,Қарағанды облысы,"Бектау-Ата тау тізбегі таза сергіткіш ауада серуендеуге, жаңа жарқын түсті фото суреттер жасауға және жай ғана табиғат әлемін жақсы көретіндер үшін мінсіз сай келеді.","Бектау-Ата тау тізбегі Балқаш қаласынан бірнеше шақырым қашықтықта орналасқан. Ол өздігінен, таулы биіктіктермен қатар, өзіндік шатқалдар аңғары орналасқан, жартасты таулы аймақ жүйесін құрайды. Жергілікті тұрғындар тас балуандарына пішіндеріне сай атаулар берген болатын, бірақ-та, кез келген турист «Саңырауқұлақ», «Сандық» немесе «Тасбақаның» орнына мүлдем басқа өзгеше фигура байқай алады. Бектау-Ата ауданында шағын су қоймалары мен бұлақтар бар әдемі «су бұрыштары» кездеседі, онда босаңсып, дем алуға болады. Тау тізбегінің ауқымында жүздеген өсімдіктер өседі, сондай-ақ арқарлар, қосаяқтылар, орман кептерлері және жергілікті фаунаның басқа да өкілдері мекен етеді. Бектау-Ата аумағында Қазақстандағы ең терең үңгір орналасқан, бірақ ол тұщысулы бұлақтың суымен толтырылған, сондықтан тереңдей кіруге мүмкіндік жоқ, алайда емдік суатына баруға болады.Бектау-Ата тау тізбегі таза сергіткіш ауада серуендеуге, жаңа жарқын түсті фото суреттер жасауға және жай ғана табиғат әлемін жақс",51
 Балқаш көлі,https://kazakhstan.travel/tourist-spot/kk/81/lake-balkhash,1,0.0,Қарағанды облысы,"Балқаш көлі – Қазақстандағы ең ірі көлдердің бірі. Батыс бөлігі тұщы, ал шығыс бөлігі тұзды болғандықтан, Балқаш жартылай тұщы көлдер санатына кіреді.","600 шақырымға созылып жатқан көл көрінісі аса көркем болғанымен, қабағы қатулы табиғаттың иелігінде жатыр. Балқаштың жағасы Бетпақдала шөлі, Шу-Іле тау сілемдері, Тауқұм құмдарымен шектеседі. Бүгінде аса ірі аумақты қамтып жатқан көлдегі жағажайлық туризм Қарағанды және Алматы облыстары аумағында бірдей қарқынмен дамуда.
Көл маңында ауа райы құрғақ. Сол себепті мұндағы жаз қашанда ыстық, жауын-шашын мөлшері төмен болады. Демалысын жылы суға шомылып, шуақты күнге қыздырынып өткіземін деуші келушілер үшін таптырмас орын.
Балқаш жағалауында толыққанды демалысқа қажетті барлық жағдай бар. Желкенді спорт, байдаркалық есу, балық аулау сияқты белсенділікке жаны жақын демалушыларға ұсынылатын таңдау аясы өте кең. Көл айдынында жиі кездесетін шағын аралдар жүзуден әуесқой жарыстар өткізілетін кезде ақтық мәре ретінде таңдалып жатады.
Көлдің Қарағанды облысындағы және Алматы облысындағы жағалауы демалысқа бірдей қолайлы. Балқаштың бойында және көлге жақын жатқан елді мекендерде түрлі санаттағы демалыс орындары қызмет көрсетеді.
Алматы облысы Сарқанд ауданында 25-ке жуық орналастыру орны бар. Балқаш қаласына негізделген қарағандылық жағалауда олардың саны бұдан айтарлықтай көбірек: демалыс орындарының басым бөлігі Шашубай және Тораңғылық елді мекендері мен Приозерск қаласында шоғырланған.
Жағажайлық демалыстың бар қажеттілігін өтеп тұрған орналастыру орындарынан бөлек, Приозерск қаласындағы «Балқаш» емдік-сауықтыру кешенін ерекше атап өтуге болады.
Балқаш көлі жайлы бейнебаян
2020-2021 жж. кезеңінде қажет болар кеңестер
Қалай жетуге болады?
Нұр-Сұлтан және Қарағандыдан Балқаш қаласына дейін тікелей теміржол қатынасы жүзеге асырылады. Бекітілген уақытпен жүретін автобустар  қозғалысы да тұрақтандырылған. Приозерск қаласына жету үшін қоғамдық көлікпен Сарышаған бекетіне дейін келсеңіз болғаны.
Алматы облысындағы бағдарларыңыздың соңғы нүктесі етіп Лепсі бекетін таңдауыңыз керек. Егер қандай да бір демалыс кешенінде алдын ала орын алып қойсаңыз, трансфер ұйымдастырылуы ықтимал. Болмаса жергілікті такси қызметіне жүгініп, жағалауға еш қиындықсыз жете аласыз. Демалысыңызды белгілі бір орынмен шектегіңіз келмесе, мінісіңізге көлік тауып, Балқаштың қалаған бөлігінде тоқтауға да мүмкіндігіңіз бар.
Орналасу және тамақтану
Өз көлігіңізбен саяхаттаған жағдайда, қажетті дүниенің барлығын өз «қоржыныңыздан» таба алатындай дайындық жасағаныңыз дұрыс. Азық-түлік, су және жанармай қорларын ең жақын деген елді мекендерде толықтықтырып, қамдап қойыңыз. Демалыс орталықтарында тамақтану құны күндік бағаға қосылады немесе ол",6
"Жошы хан, Алаша хан, Домбауыл кесенелері ",https://kazakhstan.travel/tourist-spot/kk/77/mausoleums-of-jochi-khan-alasha-khan-and-dombauyl,2,0.0,Қарағанды облысы, Қазақстанның ортағасыр сәулетінің маңызды тарихи ескерткіштері болып табылады.,"«Жошы хан», «Алаша хан» және «Домбауыл» кесенелері Қазақстанның ортағасыр сәулетінің маңызды тарихи ескерткіштері болып табылады. Жошы ханның қабірі Ұлы Шыңғыс ханның үлкен ұлы - Жошының жерлеу орнында тұрғызылған. Жошы хан күмбезінің ғимараты тіктөртбұрышты пішінді, ал оның құрылымында босаға және қос көгілдір күмбез бар. Бұл керемет ғимараттың таңғажайып қабырғасынан өткенде, қонақтардың назарына мұнда жерленген адамның жеке басын куәландыратын тас кескіні ұсынылады. Кесенедегі артық астарлылықпен қамтылмаған, бұл оның архитектуралық кешенін қарапайым және түсінікті етіп көрсетеді.Алаш хан күмбезінің тікбұрышты ғимараты құрылыста кірпіш пен ағаштың қолданылуымен сипатталады. Алаш ханның тұлғасы туралы бірнеше аңыздар естіледі, бірақ көптеген ғалымдар бұл адам тарихи емес, аңызға айналған кейіпкер деген пікірге келіседі, бірақ ол түркі халықтарының бірлігін бейнелеп көрсеткен. Монументінің алдыңғы жағы терракоталық тақтайшалармен, ал қабырғалары геометриялық стильмен безендірілген.Сәулет тұрғысынан «Домбауыл» да өзінің киіз үйге ұқсас құрылысымен қызығушылық танытады. Домбауылдың тарихи қайраткердің айналасында көптеген теориялар айтылуда, бірақ олардың көпшілігі оның бейнесін фольклорлық кейіпкерге еліктейді. Айырықша мазар бұл аймаққа тән емес, шөгінді жыныстардан салынған және берік іргетасқа ие.Үш кесененің барлығы да - қазақ даласының нағ",55
Қарқаралы мемлекеттің ұлттық табиғи саябағы ,https://kazakhstan.travel/tourist-spot/kk/80/karkaraly-national-park,1,0.0,Қарағанды облысы,"Көлдер, ормандар, емдік сулы бұлақтарымен және флора мен фаунаға бай","Қарқаралы мемлекеттік ұлттық табиғи саябағы 1998 жылы Қарағанды облысының шығыс шетінде бой көтерген. Қарқаралы саябағы өзінің табиғи көрікті жерлеріне, соның ішінде көлдер, ормандар, емдік сулы бұлақтарымен және флора мен фаунаға бай. Ауданы 90 гектардан асатын қорық аумағында бес ірі тау топтары шоғырланған: Айыртау, Бұғылы, Кент, Матен және Шаңкөз. Ең жоғарғы шыңдар Кент жүйесіне кіреді және шамамен 1400 метрді құрайды. Әрбір тауға – Кендара, Кеңгір, Аюшат, Өзен сияқты су көздері іргелес жатыр.Саябақтың тағы бір ерекшелігі - Қызыл-Кент сарайы, ол Қазақстан аумағында рухани дамуды зерттеу үшін өте маңызды. Сарай будда храмына тән сәулеттік құрылысқа ие, сондықтан ол тарихшылар мен діни ғалымдар арасында үлкен қызығушылық тудырады. Саябақтың өсімдіктер әлемін реликті ағаштар, көптеген қызыл кітап өсімдіктері және тіпті тығыз мүкпен қапталған сфагнумды мүкті батпақ құрайды. Жануарлар әлемінің морфологиялық құрамына құстар, бауырымен жорғалаушылар, балықтар мен сүтқоректілер қамтитын жануарлар әлемінің 190 өкілі кіреді. Мұнда аса қорғалатын түрлер де мекендейді: арқарлар, бүркіттер, қара дегелектер, дала ұлы сұр жыландар.Қарқаралы мемлекеттік ұлттық табиғи саябағы – треккинг және белсенді туризм үшін, денені сауықтыру және организмді таза тау ауасымен және емдік суларм",75
"Ыбырай Алтынсарин кесенесі мен ескерткіші, мемориалды мұражайы.",https://kazakhstan.travel/tourist-spot/kk/95/mausoleum-of-ybyrai-altynsarin,1,0.0,Қостанай,"Ыбырай Алтынсарин - белсенді қоғам қайраткері, ұстаз, этнограф, әйел адамдардың білім алу мүмкіндігінің жақтаушысы болған.","Қостанайда аса маңызды тарихи тұлғалардың – Ыбырай Алтынсариннің өміріне және жұмысына арналған тұтас кешен бар. Ыбырай Алтынсарин белсенді қоғам қайраткері, мұғалім-ағартушы, этнограф, әйел адамдардың білім алу мүмкіндігінің жақтаушысы болған. 1970 жылы ұлы қазақ ағартушысына арналған ескерткіш ашылды.Мүсін қызыл граниттен жасалған және оның компоненттері - Алтынсариннің бюсті және оның аты және өмір сүру жылдары жазылған естелік тақтасы. Кейінірек, 1991 жылы мемориалдық мұражай құрылып, ғалымның қабірінде кесене салынған. Мұражайдың құрылымы екі бөліктен тұрады: біріншісі – Ыбырай Алтынсарин мектебінің көшірмесі түріндегі бір қабатты ғимарат, ал екіншісі – киіз үй тәріздес екі қабатты ғимаратта екі стационарлық көрме «Ыбырай Алтынсарин – мұғалім-ағартушы» және «Қазақстан Республикасы халық жазушысы Мәриям Хәкімжанованың шығармашылық лабораториясы». М. Хакімжанова Ы.Алтынсариннің жақын туысы болған, белгілі ақын болу үшін қиын жолдан өткен және ұлы мәдени мұра қалдырған. Мұражайда 12 мыңға жуық құнды жәдігерлер бар, олардың арасында Алтынсарин отбасының жеке меншік заттары және оның кітабы бар. Естелік кешеннің барлық үш бөлімдерінде үнемі еліктіргіш дәрістер оқылып, Ыбырай Алтынсарин мүсінімен фотоға ",72
 Арал теңізі,https://kazakhstan.travel/tourist-spot/kk/100/aral-sea,1,0.0,Қызылорда облысы,"Аралдың айдыны – адамзаттың бейберекет әрекеті мен оның қасіретті салдарын әйгілеп тұрған Жер бетіндегі жазылмас жара іспеттес. 
","Арал теңізі – Қызылорда облысында орналасқан ірі айдын. Бұрыңғы толқынған теңіз қазірде тұзды шөлге айналып келеді. Дегенмен Табиғат-ананың құдіреті сонда: жыларман халде болса да сыр-сұлулығы сарқылмастай көрінеді. Аясы тарылған Аралдың маңында өзге өңірде кездеспейтін ерекше көркемдік орнаған. Құмды дала, елсіз өлке, шексіз аспан және көз жеткізбес көкжиек! Бұл тылсым көріністердің астарында ауыр апат пен амалсыз тыныштық жатыр. Шарасыз шегініп бара жатқан Аралдың адамзатқа айтар назын «Адамның табиғатсыз күні жоқ, табиғаттың оны айтар тілі жоқ» деген мақал баяндап тұрғандай. Мақалда айтылған ойды өмірімізге өріп қарайтын болсақ, ғасырдың табиғи қасіретін көзбен көріп, ой елегінен өткізу, тілсіз табиғаттың айтарын естіп, дұрыс әрекетке көшу әрқайсымыздың бүгініміз бен ертеңіміз үшін аса маңызды екенін жоққа шығара алмаймыз.
Бізге жеткен Арал екі шартты аймаққа – Үлкен Арал және Кіші Арал деп бөлінген. Көлде фотосинтез жүргізуге қабілетті фитопланктонның бірқатар түрі тіршілік етеді. Мұнда суға шомылып жүргендер көп кездесе бермейді. Кездескен күннің өзінде, көбісі ағзасының қыр-сырын жақсы таныған, тұзды судан шипа іздеп, сауығуды мақсат етіп келген адамдар.
Туристер үшін шөл арқылы өтетін арнайы джип-турлар ұйымдастырылады. Саяхат барысында Аралдың аралдарын да аралап қайту мүмкіндігі бар. Жалпы ерекше есте қаларлық орындар ішінде Возрождение аралы мен келмеске кеткен кемелер алқабын айтуға болады. Әрбірінің қайталанбас оқиғасы бар.
Аралдың көріністерін Аралдан алшақтағы көрермен бірнеше мәрте тамашалап үлгерген. Бұл қатарда Рашид Нұғмановтың Виктор Цойдың қатысуымен түсірілген «Игла» фильмі, әлемдік танымалдылыққа ие британдық «Pink Floyd» рок-музыканттар тобының «Louder than words» әніне түсірілген бейнебаяны бар. Әйтсе де көгілдір экран шынайы көріністі толықтай көрсетіп, жүрекке жеткізбесі бар емес пе. Жаңа сапар, болмаған саяхатқа жақсы бастама!
Айтып-айтпай не керек, Арал өңірінде шешімін таппаған мәселе көп. Десек те, жарқын болашаққа үміт берер жақсы жаңалықтар да жоқ емес. Әлем жұртшылығы немқұрайды қарай алмаған Аралдың тауқыметін жеңілдетіп, жағдайын жақсартуға бағытталған жобалар мен шаралар іске асырылып, жылдан-жылға қуантарлық нәтиже көрсетуде.
2020-2021 жж. кезеңінде қажет болар кеңестер
Қалай жетуге болады?
Аралға барар жоспарыңыз болса, Алматы, Қызылорда, Қарағанды қалаларындағы туристік агенттіктердің қызметіне жүгінуіңізге болады. Ең ыңғайлысы автоэкспедиция немесе джип-тур құрамында жүру.
Жол қиындықтарына қарамастан жолға оңаша шығуға бекінсеңіз, Аралға жақындаған сайын үйреншікті ортадан алыстайтыныңызды естен шығармаңыз. Сапарыңыз сәтті өту үшін жаныңызға жолсерік болар гид немесе қолыңызда GPS координаттар орнатылған навигатор болғаны жөн. Жүксалғышыңызға артық дөңгелек, баллон және өзге де құрал-жабдықтарды алдын ала тиеп, дайындап қойыңыз. Аралға жеткізер жол әдетте Арал қаласынан басталады. 
Орналасу және тамақтану
Теңізге қарай жолға шығардан бұрын, саяхатқа қажеттінің барлығын қамдап қоюға кеңес береміз. Арал маңында қонақүй, дәмхана, дүкен сияқты өркениет табыстары табылуы екіталай. Шатыр құрып түнеу керек болады. Болмаса, Арал қаласына оралып, сондағы қонақүйдің біріне тоқтай аласыз. Сонымен қатар Арал жағасында ұялы байланыс та жоқ. Өркениеттен алыстағаныңызбен, жұлдызы жарқыраған шексіз аспанға жақындай түсесіз, шарасыз Аралмен сырласып, мұңын бөлісіп, өз шеріңізді де тарқатып аласыз. С",5
" ""Барсакелмес"" мемлекеттік қорығы",https://kazakhstan.travel/tourist-spot/kk/101/barsakelmes-nature-reserve,1,0.0,Қызылорда облысы,Барсакелмес – тірі табиғаттың сирек кездесетін және әдемі өкілдерінің қазынасы.,"1929 жылы өз жұмысын бастаған Арал маңындағы Барсакелмес қорығы осы аттас жұмбақ аралда орналасқан және Қазақстан аумағында ең ерекше қорықтардың бірі болып табылады. Барсакелмес аумағы 160 гектардан асады. Қорықтың бірегейлігі оның маңайында жүргізілген ғылыми-зерттеу жұмыстарында, бұл климат өзгеруін талдау және табиғи ландшафттың шөлдену себептерін іздестіру және биосфераның рельефі мен құрылымының қалыптасуын зерттеу болып табылады.Барсакелмес – тірі табиғаттың сирек кездесетін және әдемі өкілдерінің қазынасы. Жергілікті флора өсімдіктердің 278 түрін, оның ішінде Борщовтың әсем қызғалдақтарын, Қандым бұталарын, сексеуіл қалың шоқтарын қамтиды. Жануарлар әлемі көптеген омыртқасыздармен ерекшеленеді, сондай-ақ қорық көптеген бауырымен жорғалаушыларға, құстар және Қызыл кітап жануарларын қоса алғанда сүтқоректілердің 28 түріне мекен ету ортасы болып табылады.«Барсакелмес» мемлекеттік қорығында кең ауқымды кітапхана бар, оның аумағында институтпен бірлескен қордың байлықтарын сақтауға және зерделеуге бағытталған зерттеу жұмыстары тұрақты түрде жүргізіледі. Әр адамның міндеті – бізге құнды сыйларды тарту ететін табиғатымызд",1
Сығанақ қалшығы,https://kazakhstan.travel/tourist-spot/kk/102/ancikkt-city-of-sighnaq,2,0.0,Қызылорда облысы,«Заманауи» Сығанақ - бүкіл әлемнен қызығушылық танытқан туристерді арбайтын және қазақ тарихының тарихи-мәдени мұрасымен таныстыратын ашық аспан астындағы өзіндік мұражай.,"Қазақстанның этно-туристік орталықтарының бірі – Сығанақ қалашығы - Қазақстан Республикасының маңызды тарихи орны. Ол ЮНЕСКО-ның Бүкіләлемдік Мұраларына енудің тізіміне енгізілген, бұл оны тек Қызылорда облысының ғана емес, бүкіл еліміздің маңызды игілігіне айналдырады. Қалашық туралы алғашқы жазбалар 10-11 ғасырға жатады, ол кезеңдері қала оғыз қоныстарына тиесіл болған. Орта ғасырларда Сығанақ Қыпшақтың астанасы, Ақ Орданың ордасы және Қазақ хандығының орталығы болған. Ежелгі саяси маңызы бар аумақта жүйелі қазба жұмыстары осы ғасырдың басында басталды. Сығанақта мешіттері мен медреселер бой көтерген, сондықтан археологиялық жұмыстар кезінде ортағасырлық сәулет өнерінің көптеген ғимараттары, сондай-ақ қыш ыдыстар, диірмен тастарының үзінділері, өрнектелген тастар табылды.«Заманауи» Сығанақ - бүкіл әлемнен қызығушылық танытқан туристерді арбайтын және қазақ тарихының тарихи-мәдени мұрасымен таныстыратын а",65
"""Қамбаш"" көлі",https://kazakhstan.travel/tourist-spot/kk/99/lake-kamystybas,1,0.0,Қызылорда облысы,Қызылорда облысында орналасқан Қамбаш көлі өзінің таза жағалауындағы демалушылар арасында өте танымал. ,"Ауа райының кез-келген көңіл-күйін көрсететін ашық мөп-мөлдір суы, жұмсақ құмды түбі және ұзақ жылы күндері күнделікті жұмыстан шаршағанғ табиғи құмды жағажайда демалуға армандаушы туристердің назарын аудартады.Сонымен қатар, жергілікті тұрғындар резервуардың емдік қасиеттері бар екеніне сенімді, себебі суға шомылудан кейін көптеген адамдардың хал-жағдайлары және әрине, көңіл-күйлері айтарлықтай жақсарады. Мұнда балық аулаудың әуесқойларына да іс табылар: Қамбаш суларында сазандар, шортандар, мөңке балықтары мекендейді. Жыл сайын, көлдің маңында, осы бірегей курорттық аймақты жақсарту үшін көптеген жобалар жүзеге асырылуда, мұнда кез келген адам жаны ",26
"""Қорқыт-Ата"" мемориалдық кешені",https://kazakhstan.travel/tourist-spot/kk/98/korkyt-ata-memorial,12,0.0,Қызылорда облысы, Қорқыт ата қалдырған көптеген құнды музыкалық шығармалар Қазақстанның құнды музыкалық мұрасына айналған,"1980 жылы құрылған Қорқыт ата мемориалдық кешені Қызылорда облысының Жосалы кентінің жанындағы «Қорқыт» темір жол станциясының аумағында салынған. Кешен осы жерде бекерден бекер салынбаған: бұл жерге жақын, Сырдария жағалауында танымал түрік жыршы-ақыны және композиторы Қорқыт дүниеге келген, осылайша, ескерткіш оның атымен аталған. Ескерткіш авторлары - сәулетші Б.А. Ибраев және физик С.И.Исатаев.Ескерткіш темірбетоннан салынған тік тұрған төрт стелалардан тұрады, олардың биіктігі 8 метрге жетеді. Құрылымның қызықты ерекшелігі – әр стеланың әлемнің барлық жағына бағытталғаны. Стелалардың жоғарғы бөлігінде, кеңейтіліп бара жатқан жерде, 40 құбырдан тұратын металл орган орналастырылған. Бұл акустикалық эффект үшін жасалған, яғни желдің кішкене есуінен орган қобыз ойнауының дыбыстарына ұқсас әуен пайда болады. Ескерткіштің ішінде орталық осьтік символды қаптайтын арка бар, сондай-ақ қазақ тілінде «түйенің ізі» деген мағынаны білдіретін «түйе табан» ою-өрнегі әшекей орнында. Ол Қорқыт атаға тиесіл болған, аңыздарда айтылған, сиқырлы түйені бейнелейді.Бұл жер ұлттық музыкаға қызығатын туристер үшін әсіресе тартымды, өйткені Қорқыт ата қалдырған көптеген құнды музыкалық шығармалар Қазақстанның құнды музыкалық мұрасына айналған.Фотоларды Қызылорда облысының кәсіпк",27
"""Байқоңыр"" ғарыш айлағы",https://kazakhstan.travel/tourist-spot/kk/97/baikonur-cosmodrome,1,0.0,Қызылорда облысы,"Кем дегенде бір рет болсын ғарышқа шыққысы келмеген, ғаламның құпияларын ашуға, галактика бойынша саяхат жасауға ниет білдірмеген жан бар ма? ","Тек бір ғана «ғарыш» сөзі көз алдымызға біздің миллиондаған жұлдыздарға толы шексіз әлемнің суретін елестетіп, қиялымызды қобалжытып, шаттық сезімін оятады. Әлемнің ғарыш саласының «алма-матері» – өткен ғасырдың 50-жылдарында құрылған Байқоңыр ғарыш айлағы Қазақстан аумағында орналасқан. Адамның ғарышқа ұшуы осында болғаны құпия емес, ал қазір зымырандар мен серіктердің ұшырылуынан басқа, мұнда «ғарыштық турлар» да жүргізіледі.Қазір «Байқоңыр» ғарыш айлағында туристерге арналған экскурсиялар ұйымдастырылады, онда адам және адамсыз басқарылатын ғарыш аппараттарының ұшырылуын бақылауға болады, «Гагаринский старт» деп аталатын 1-ші алаңды көріп өтуге болады. Туристерге ғарыш айлағының танымал кешендерімен және ғимараттарымен танысуға керемет мүмкіндік беріледі, ал оның мұражайы «Байқоңыр» құрылуының бүкіл тарихын және мұннан ғарышқа аттанған барлық батыр тұлғалар жайында егжей- ",18
 Бекет ата жер асты мешіті,https://kazakhstan.travel/tourist-spot/kk/121/beket-ata-underground-mosque,0,0.0,Ақтау,"Маңғыстаудағы Бекет ата жерасты мешіті еліміздегі теңдессіз тарихи ескерткіш, рухани құндылығы аса жоғары киелі орын.","Ел аузында «Мединеде – Мұхаммед, Түркістанда – Қожа Ахмет, Маңғыстауда – Пір-Бекет» деп, ислам дінінің өркендеуіне өлшенбес үлес қосқан ғұламаларды ұлықтайтын ұлағатты сөз бар. Ғұмырын исламның дамуына арнаған қайраткер, сопылық ілімді уағыздаушы, жерін жаудан қорғаған ерен ерлігімен танылған батыр – Бекет Мырзағұлұлының есімі Ұлы дала халқына жақсы таныс. Бекет атадан мұра болып қалған 5 жерасты мешітінің бірі Маңғыстау облысының Оғыланды жерінде орналасқан. Осынау киелі орынға зиярат етіп, медет тапқандардың саны жыл сайын  артпаса, кеміген емес.
Жерасты мешітінің құрылымы төрт бөлмеден тұрады. Бекет ата пайғамбар жасында дүниеден өткені белгілі. Атаның жерленген орны да осы мешіттің бір бөлмесінде. Төргі бөлмеде атаның қасиетті асатаяғы сақталған. Түпкі бөлмеге тек келіншектерге кіруге рұқсат етілген. Мұнда нәзік жандылар назымен бөлісіп, ниеттене тілек тілейді.
Бекет ата жерасты мешітінде әр келген жан жанына жай, көңіліне сая, жүрек дертіне дауа табады. Таңғажайып табиғаттың құшағынан орын тауып, жартасқа қашалып салынған ислам ордасы киелі рухани ғибадатхана емес, қазақ даласындағы сәулет өнерінің озық үлгісі.
Бекет ата жерасты мешіті жайлы бейнебаян

2020-2021 жж. кезеңінде қажет болар кеңестер
Қалай жетуге болады?
Егер жаныңызда жол нұсқар жергілікті гид болса, Бекет ата мешітіне дейін кез келген көлікпен жете аласыз. Бағдардың басынан аяғына дейін жақында салынған тасжолмен жүретін боласыз. Ал сапарыңыз барысында Маңғыстаудағы басқа да, тасжолдан алшақ орналасқан көрнекті нысандарды араламақ болсаңыз, жол талғамайтын көлік мінгеніңіз жөн. Сонымен қатар жергілікті туристік агентіктердің қызметіне жүгініп, Бекет ата жерасты мешітіне зиярат етушілер тобымен саяхаттай аласыз. Әдетте мешітке апарар жол Ақтау қаласынан басталады. Ақтау мен Бекет ата жерасты мешітінің арақашықтығы шамамен 290 шақырымға тең. Жетібай елді мекені мен Жаңаөзен қаласынан өткеннен соң (Ақтау-Жаңаөзен 150 шақырым), тағы 25 шақырым жүріп, Қызылсайға жетуіңіз керек. Бұл – Бекет ата мешіті жолындағы соңғы елді мекен. Осы тұстан ары қарай бағдарыңыздың дұрыстығын көрсететін белгілер кездесіп тұрады. Ақтаудан 218 шақырым асқаныңызда оң жағыңыздан Шопан ата мешіті бой түзейді. Шопан ата Бекет атаның рухани ұстазы саналатындықтан, зияратшылар міндетті түрде бұл маңда біраз аялдап, Құран бағыштамай жолға аттанбайды. Шопан ата мешітінен кейін тағы 70 шақырым жолды еңсерсеңіз, Бекет ата мешітіне де жетесіз.
Орналасу және тамақтану
Бекет ата жерасты мешіті маңында арнайы мейманхана бар. Мұнда келген саяхатшы, зияратшылар жиналып, әркім өзімен әкелген дәмін ортақ дастарханға қойып, барлығы бірге тамақтана алады. Оған қоса мейманханада бірі ерлерге, бірі әйелдерге арналған екі түнеу бөлмесі бар. Қаласаңыз осында түнеп, ",8
Қарақия ойпаты,https://kazakhstan.travel/tourist-spot/kk/113/karagiye-trkkch,1,0.0,Манғыстау облысы,"Маңғыстау облысының ерекше табиғи нысаны ретінде танылған Қарақия – Қазақстандағы ғана емес, жалпы ТМД аумағындағы ең терең ойпат. 
","Қарақия ойпаты  Маңғыстау облысы аумағында, Ақтау қаласынан 50 шақырым қашықтықта орналасқан. Ойпаттың сипатын атауынан-ақ тануға болады. «Қара» және «қия» сөздерінің бірігуін атау еткен ойпатты, «Батыр» деп те атап жатады.
Жердің беткі қабатының қирауы нәтижесінде ойпат тостаған қалпында бедерленген. Қазаншұңқырда құрғақ микроклимат орнағанымен, Қарақия жаңбыр қалыптасқан орын болып есептеледі. Метеоролог мамандар мұндай өзгешелікті ойпат түбіндегі ыстық ауамен байланыстырады. Сол ыстық ауаның әсерінен атмосфера қабаттарында жауын бұлттары түзіледі. Жергілікті жануарлар әлемін қарақал, сабаншы, келес, шаян, қостүсті бозторғай сияқты түрлер құрайды.
2020-2021 жж. кезеңінде қажет болар кеңестер
Қалай жетуге болады?
Маңғыстау облысы туристік бағдарларының көбіне Қарақия ойпаты қосылған. Бастапқы нүкте – Ақтау қаласы. Ойпат түбінен Ақтау-Жаңаөзен тасжолы өтеді. Жол ортасында биіктік деңгейі 115 метрге төмендейді. Егер салынған жолдан шеттеп, ойпатты жақсырақ көріп, білгіңіз келсе, жергілікті туристік агенттіктерге жолығып, кәсіби гидті жолсерік еткеніңіз жөн. Оған қоса, осынау сапарыңыздың аясын кеңейтіп, жыл мезгіліне қарай көлемі мен тереңдігі өзгеріп тұратын Батыр көлінің жағасында серуендеп қайтуыңызға болады. 
Орналасу және тамақтану
 Маңғыстау жерінде саяхаттап жатсаңыз, жол бойында өз қажеттілігіңізді өзіңіз өтей алатындай дайындық жасауыңыз керек. Яғни, су, азық-түлік, жанармай сияқты сапар барысында керек болар заттардың қорын алдын ала қамдап қойған дұрыс. Қонақүйлер мен кафелер Ақтау мен Жаңаөзен қалаларында ғана бар. Сол себепті, көпкүндік демалыс жоспарласаңыз, шатыр құрып, өркениет",74
"""Шопан ата"" жер асты мешіті ",https://kazakhstan.travel/tourist-spot/kk/117/shopan-ata-underground-mosque,0,0.0,Манғыстау облысы,Шопан-ата жер асты мешіті және аттас қорым Маңғыстау облысының қасиетті меншігі болып табылады,"Шопан-ата жер асты мешіті Бекет-атаның тәлімгері болған құрметті данагөймен байланысты. Батыр өзінің рухани ұстазын құрметтеген, сондықтан бүгінгі күні қажылыққа қазақ даласының екі діни қайраткерлерінің мешіттеріне де бару керек деген жарияланбаған ереже бар. Мұсылман ғибадатханасы тау шатқалында орналасқан және әртүрлі бағыттарда қолданылатын 12 бөлмеден тұрады: бір бөлмесі діни рәсімдерге арналған, басқа біреуі білім беру іс-шаралары үшін, үшіншісі оқу үшін және т.б. Сонымен қатар, мұнда Шопан атының жерленген камерасы және арнайы қажылыққа арналған залдар бар.Шопан-ата жер асты мешіті және аттас қорым Маңғыстау облысының қасиетті меншігі болып табылады, бұл Қазақстан Республикасының тарихи-мәдени мұрасы",25
Тамшалы шатқалы,https://kazakhstan.travel/tourist-spot/kk/122/tamshaly-canyon,1,0.0,Манғыстау облысы,"Бұл жағымды демалыс үшін ғажайып табиғи оазис. Мұнда аймақтың тыныш пейзаждарын тамашалай, сөзбен айтып жеткізуге болмайтын сұлу табиғи жаратылыстардан ляззат алуға болады.","Маңғыстау облысының құпия орны Тамшалы шатқалы болып табылады. Ол Форт-Шевченко қаласының маңында орналасқан және адамдарға тарихи көркем шатқал ретінде таныс. Бұл жағымды демалыс үшін ғажайып табиғи оазис. Мұнда аймақтың тыныш пейзаждарын тамашалай, сөзбен айтып жеткізуге болмайтын сұлу табиғи жаратылыстардан ляззат алуға болады. Тамшалы шатқалы тұщы су көлі мен сарқырамасы үшін танылмалдылыққа ие болды, ал бұл аймақтың жалпы көрінісін керемет толықтырады. Жергілікті бірегей панорамасы - жер астынан шыққан сулардың жартастың тесіктерінен бір-бірден ағып түсуінен пайда болған жаңбыр елесі.Тамшалы шатқалының кеңістігі белсенді демалысты сүйсінетіндер үшін де, және керісінше, қарапайым, тыныштықта өткізуге бел буған жандарға уақытты тамаша өткізуге кепілдік береді. Мұнда әр адам, Маңғыстауға сапардан өз сандығына қымбат естеліктер жинап, саяхат пен таңғажайып жаңалықтардың рухын бойына сіңіріп ала а",66
"""Жығылған"" шатқалы",https://kazakhstan.travel/tourist-spot/kk/112/jygylgan-hollow,1,0.0,Манғыстау облысы,Мұнда сіз өз көзіңізбен бұрынғы уақыттарда орын алған табиғи өзгерістердің нәтижесінің керемет пейзаждарға толы елеулі тарихи көрікті жерге айналғанын байқайсыз.,"Маңғыстау жеріндегі тағы бір бірегей орындарының бірі – Жығылған орны. Орыс тілінде бұл жердің атауы «құлағанжер» дегенді білдіреді, ол жергілікті жер бедерінің дөңгелектеу болып келуінен.Ғалымдар шұңқырдың пайда болуына жауап бере алмайды, бірақ көптеген ғылымқайраткерлері себебін тау жыныстарының еруінде көреді. Ал басқа бөлігі, мұндатарихтан бұрынғы замандарда үлкен метеорит құлауын болжайды. Геологиялық мұраныңбойымен Каспий теңізінің кең жолағын созылған. Бұл тас үйінділерінің арасыменсеруендей жартастарға салынған суреттерді және алуан түрлі терең үңгірлерді байқауғаболады, тастарда қорғандардың пішіндерін, жануарлардың, адамдардың мүсіндерін;неоген жануарларының, мысалы, көне жылқылардың және азуы алты қарыс жолбарыстардыңқазба іздерін көруге болады. Жығылғанның аймақтарына сапар шегу үшін жолдарғабайланысты жол талғамайтын көлікпен баруға кеңес береміз. Мұнда сіз өз көзіңізбен бұрынғыуақыттарда орын алған табиғи өзгерістердің нәтижесінің керемет пейзаждарға толыелеулі тарихи",21
Торыш алқабының домалақ тастары (конкрециялар),https://kazakhstan.travel/tourist-spot/kk/111/torysh-valley,1,0.0,Манғыстау облысы,Торышты шарлар алқабы деп бекерден-бекер атамаған: бұл жерде шар тәріздес минералды түзінділер шашылып орналасуда,"Айырықша тастардың пайда болу тарихының аңызға айналған хикаясы: халық дұғасының арқасында жау ордасының үлкен дөңгелек тастарға айналғаны. Ғалымдар Маңғыстау көп жылдық жұмбағының пайда болуы туралы бір келісімге келмей, әлі күнге дейін көптеген ғылыми теорияларды құруды жалғастыруда. Дегенмен, бұл Торыш конкрецияларының құндылығын төмендетпеген, өйткені мұнда орналасқан дөңгелек тастар әрқашан таңғалдырған, еліктірген және адам қиялына әрі қарай ойлануға еркіндік берген.Дөңгелек контурға қарамастан, керемет пейзаж жасай отырып, әр тас бірегей және өзіндік ерекше пішінге ие. Мұнда келіп және осындай табиғи ғажайыптарды көрген әр саяхатшы жарқын эмоциялар",67
Шалдай таспалы орман,https://kazakhstan.travel/tourist-spot/kk/126/shalday-pine-forest,1,0.0,Павлодар облысы,"Шалдай таспалы орманы – бұл, жердегі қиял-ертегі әлемінде серуендеп жүргеннен болмашы эйфория сезімін тудыратын керемет орын.","Голливуд фильмдерде жиі көрсетілетін салтанатты ағаштары бар кең ормандар, тіпті, экраны арқылы да таңданыс және сұлулық сезімін тудыратынына келісесіз бе? Ал егер, сіз, өзіңізді кезекті кино туындының кейіпкері ретінде сезінсеңіз ше? Шалдай таспалы орманы – бұл, жердегі қиял-ертегі әлемінде серуендеп жүргеннен болмашы эйфория сезімін тудыратын керемет орын. Сансыз көп биік-биік ағаштар, таза ауа және сөзбен жеткізуге қиын сергіткіш хош иісі – 150 мың гектар аумақта жайғасқан Шалдайдағы таспалы орман Павлодар облысының құнды табиғи жәдігері болып табылады.Орманның ерекшеліктерінің бірі – «Телеутка» деген атқа ие тиін. Үлпілдек тиіндер-телеуткалар әрбір туристті өзінің әдеттерімен қуантады және орман көрінісін керемет толықтырады. Шалдай таспалы орманына саяхат есте мәңгі қалып, және мүмкін осы таңғажайып орынға та",71
Мәшһүр Жүсіп Көпейұлы атындағы мешіт ,https://kazakhstan.travel/tourist-spot/kk/129/mashkhur-jusup-kopeyev-mosque,0,0.0,Павлодар,"Мәшһүр Жүсіп Көпейұлы атындағы мешіттің басты идеясы - бұл, әлемді, шырақты және жақсылықты кейіптейтін киелі орын","Мәшһүр Жүсіптің құрметіне салынған мешіт - Павлодар қаласының басты мешіті және қала орталығында орналасқан қасиетті інжуі. Бұл қазақ ақыны мен этнографының, Мәшһүр Жүсіп Көпейұлының қызметі алуан түрлі және көп қырлы, ал ойшылдың жеке тұлғасы сенушілердің арасында қасиетті болып санала бастады.Павлодар мұсылман ғибадатханасы Қазақстандағы ең ірі діни ғимараттардың бірі болып табылады. Оның архитектуралық түпкі ойында, керемет мұнаралар мен шаңырақ тәрізді жарық көгілдір күмбез ретінде ұсынылған, ислам дәстүрлері мен қазақтың ұлттық мәдениеті бір-бірімен байланысты . Мешіттің құрылымы екі қабатты қамтиды: екінші қабатта әйелдерге арналған намаз залы, неке қию бөлмесі, оқу бөлмелері, асхана, ал бірінші қабатта - кітапхана, мұражай және ғимараттың басты кіреберісіне апаратын басты намаз залы. Мәшһүр Жүсіп Көпейұлы атындағы мешіттің басты идеясы - бұл әлем, жарық және жақсылықты кейіптейтін ашық жүрек. Бұл - Павлодар қаласының басты визит карточкасының бірі және ешкімді бей-ж",60
"""Ертіс жағалауы"" мемлекеттік табиғи қаумалы",https://kazakhstan.travel/tourist-spot/kk/125/yertis-jagalau-nature-reserve,1,0.0,Павлодар облысы,Ертіс өзенінің алқабы - бұл үш санатқа бөлінетін қайталанбас табиғат туындысы. ,"Павлодарлық «Ертіс жағалауы» зоологиялық табиғи қаумалы - республикалық маңызы бар мемлекеттік резерват. Қаумал Ертіс өзенінің алқабында орналасқан және өзеннің екі жағалауын бойлай алып жатыр. Ертіс өзенінің алқабы шартты түрде үш санатқа бөлінген. Өзеннің әр саласы бірегей, өзара су құрамымен, бедерімен және топырақ жамылғысымен ерекшеленеді.Қаумал аумағында ақ шілік, қотыр қайың, қаратерек пен ақтерек ормандары мен тоғайлары өседі. Жергілікті фаунаның құрамында балықтың 20 түрі, құстың 105 түрі және сүтқоректілердің 55 түрі бар. Жануарлардың ішінде түлкілер, бұғылар, еліктер, сарышұнақтар және кеміргіштер басым. Павлодар облысы көрген-білген жанды байлығымен таң қалдыруды тоқтатпайды. «Ертіс жағ",19
«Қызылтау» мемлекеттік табиғи саябағы ,https://kazakhstan.travel/tourist-spot/kk/124/kyzyltau-nature-reserve,1,0.0,Павлодар облысы," Бұл әдемі жер көптеген өсімдіктер мен жануарлардың, соның ішінде жойылып кетуге жақын түрлерге мекен ету ортасына айналды. ","«Қызылтау» мемлекеттік табиғи саябағы, Баянауыл ауданында орналасқан және 60 мың гектар аумақты алып жатыр. Айта кетейік, «Қызылтау» тауы - Баянауылдың маңындағы ең биік нүкте. Бұл әдемі жер көптеген өсімдіктер мен жануарлардың, соның ішінде жойылып кетуге жақын түрлерге мекен ету ортасына айналды. Мұнда түлкілер, қасқырлар, борсықтар, арқарлар, бүркіттер, сұр шілдер мекендейді. Қорықтың аумағы қоңыржай белдеудің далалық аймағы басым болатын жартасты адырлармен және беткейлермен сипатталады. Табиғи саябақтың аумағында қоңыр-қызғылт шақпатасты топырақтар басым, мұнда ши қопасын көруге және шағын қайың мен көктерек ормандарын тамашалауға болады, сонымен қатар тау беткейлерінде қылқан жапырақты арша көзге түседі.«Қызылтау» мемлекеттік табиғи саябағы қоршаған орта байлығын тамашалауға және көркем тау массивтеріне шығуға мүмкіндік береді, себебі табиғат әр кезде онымен «бетпе-бет» болған әр",41
Баянауыл мемлекеттік ұлттық табиғи саябағы ,https://kazakhstan.travel/tourist-spot/kk/123/bayanaul-national-park,1,0.0,Павлодар облысы,"Бұл таза емдік ауа, жоғары биікт тік жартастармен, қалың қарағайлы ормандармен қамтылған керемет сұлу табиғат алаңы және әрине, қазақ жері туралы жылы естеліктер.","Баянауыл мемлекеттік ұлттық табиғи саябағы - бұл таза емдік ауа, жоғары биікт тік жартастармен, қалың қарағайлы ормандармен қамтылған керемет сұлу табиғат алаңы және әрине, қазақ жері туралы жылы естеліктер...Қазақстан аумағындағы тұңғыш мемлекеттік ұлттық табиғи саябақ болып табылатын Баянауыл саябағы 1985 жылы құрылған және осы күнге дейін біздің еліміздің табиғи байлығын, атап айтқанда, Баянауыл тау шатқалының флорасы мен фаунасын сақтауға және жаңартуға бағытталған. Саябақ аумағы - жартылай шөлді ортадағы өзіндік оазис түрінде. Мұнда 6 айрықша көлдер бар, олардың 3-і - Жасыбай, Сабындыкөл, Торайғыр – туристер арасында аймақтарында шипажайлардың, демалыс базаларының, балалар лагерлерінің орналасуына байланысты аса танымал. Сондай-ақ, Баянауыл ұлттық саябағы көптеген тарихи орындарға бай: Кемпіртас, Найзатас және Саймантас жартастарымен, «Жазылған тастармен», әйгілі қазақ жауынгері Жасыбай батырдың қабірімен.Сансыз көп аңыздар мен нанымдарды, табиғаттың кереметін мен салтанатын бойына сіңірген Баянауыл саябағында кез-келген адам, күмәнсіз, күнделікті қалалық әбігерліктен тыныштық сезініп, жаңа күш-қуатқа жинап ал",48
Машат шатқалындағы Тамшы әулие үңгірі,https://kazakhstan.travel/tourist-spot/kk/166/weeping-сave-in-mashat-gorge,1,0.0,Түркістан облысы,"Машат шатқалындағы тылсым әлемге үңілдірер көп үңгірдің ішінде ең әйгілісі де, ең әсерлісі де – Тамшы әулие үңгірі.
","Түркістан облысындағы Машат шатқалында көркем көріністі үңгірлер жетерлік. Десек те сол көптің ішінде орны бөлек, атағы асқағы – Тамшы әулие. Өзге де құрылымы мен сипаты ерекше табиғат «туындылары» сияқты, Тамшы әулие үңгірінің де әсемдігін әсерлі аңыз еселеп жатыр. Бұл жерге байланысты халық арасында Машат пен Хасеннің шексіз сезімін арқау еткен аңыз кең тараған. Бала күнінде Өмірзақ атты жасы жеткен байға атастырылған Машат сұлу бой жеткенінде кедейден шыққан Хасенге жолығып, қос жас бір-бірін сүйіп қалады. Дала заңының бұлжымастығын білген Машат, Өмірзаққа жар болып, пәк сезімін қор қылмаққа дәті бармай, құздан құлап, өмірмен қоштасады. Сол сәтте қыршыннан қиылған Машат өзенге, ғашығынан айырылған Хасен жартасқа айналған. Ел аузында жартастан аққан тамшылар қайғырған Хасеннің таусылмас көз жасы деген де теңеу бар.
2020-2021 жж. кезеңінде қажет болар кеңестер
Қалай жетуге болады?
Тамшы әулие үңгіріне Шымкенттегі туристік агенттіктер жиі экскурсия ұйымдастырып тұрады. Егер сапарыңызды өзіңіз жоспарламақ болсаңыз, Шымкенттен Түлкібас ауданына қарай бағыт алуыңыз керек. Қаладан 30 шақырым қашықтықта орналасқан Кершетас ауылына жеткеніңізде елді мекенге кіріп, бірінші Т-қалыпты қиылыста оңға бұрыласыз. Ары қарай тасжолмен шатқалға қарай жүресіз. Бұрындары Машат шатқалы аумағында әрекет еткен пионер лагерлерінің орындарында қазірде демалыс орталықтары қызмет көрсетеді. Тамшы әулие сондай орталықтардың бірінің аумағында қалғандықтан, кіру үшін төлем жасауға тура келеді.
Орналасу және тамақтану
Тамшы әулие үңгірін аралап болғаннан соң, Машат шатқалындағы демалыс орталықтарының бірінде тынығып, тамақтана аласыз. Болмаса, таңдау аясы шектелмеген Шымкентке оралып, өзіңіз қалаған қонақүйге орналасуға мүмкінді",59
«Бөкей ордасы» тарихи-мұражай кешені ,https://kazakhstan.travel/tourist-spot/kk/67/bukey-horde-historical-museum,2,0.0,Батыс Қазақстан облысы,Өткен ғасырдың 60-шы жылдарында Бөкей ордасының аумағында тарихи-революциялық мұражай өз жұмысын бастады.,"Өткен ғасырдың 60-шы жылдарында Бөкей ордасының аумағында тарихи-революциялық мұражай өз жұмысын бастады, ал2002 жылы толық тарихи кешенге айналды. Ол ХІХ ғасырда Бөкей ордасының соңғы ханының – Жәңгір ханның Хан ордасы ретінде пайдаланылған аумақта орналасқан. Жәңгірдің билеген уақыты кезінде аудан қалалық ерекшеліктерге ие болған, бұлоның ханның басты әкімшілік орталығы болуына мүмкіндік жасады. Заманауи тарихи мұражай кешеніне төрт әр түрлі мұражай кіреді. Олар Бөкей Ордасының хроникасына,Хан сарайының қару-жарақтарына, Қазақстанның алғашқы мектебінің және ел тәуелсіздігінің қалыптасуының тарихына арналған. Сондай-ақ, мұнда күйші Дәулеткерей Шығайұлы, ағартушы Мұхамед-Салық Бабажанов және Жәңгір ханның өзінің тарихи тұлғаларының кесенелері орналасқан.«Бөкей орда» тарихи-мұражай кешені Қазақстан Республикасының қасиетті объектілерінің тізіміне енгізілген және Батыс Қазақстан облысының тұрғындары мен қона",34
Жебеуші Христос шіркеуі,https://kazakhstan.travel/tourist-spot/kk/243/cathedral-of-christ-the-savior,0,0.0,Орал," Оралдықтар Жебеуші Христос шіркеуін ""Алтын шіркеу"" деп дәріптейді."," Храмның негізі 1891 жылы Шығыстан Петерборға қайтып бара жатқан тақ мұрагері, болашақ патша - ІІ Николайдың қатысуымен  қаланып, петерборлық сәулетші В.Н.Чагиннің жобасы бойынша салынды. Құрылыс 16 жылға созылып, 1907 жылы ғана халық игілігіне тапсырылған. Кеңес дәуірінде храм ғимаратында атеизм мұражайы орналастырылып, бір күмбезінің астында планетарий ұйымдастырылды. 1990 жылдың қарашасында жалпыұлттық митингтің талаптары қанағаттандырылып, храм Орыс православ шіркеуінің қарауына қайтарылады. Қайырымдылық есебінен жиналған қаражат ғимараттың жабдықталуына жұмсалып, храм өзінің бастапқы - шіркеу қалпына келтіріліп, қайта діни құлшылық орнына айналды. Шіркеудің төбе-қабырғаларын әшекейлеп, безендірумен украин икона жазушысы А.Мензак айналысты.1995 жылдың қазан айында шіркеуге Мәскеуде жасалған Святослав атаулы үлкен қоңырау орнатылды. Бұл бастама кәсіпкер Валерий Сурковтың демеушілігімен іске асқан болатын. Қала тұрғындары Жебеуші Христос шіркеуін ""Алтын шіркеу"" деп атап, ерекше дәріптейді.Бүгінде шіркеу қарамағында Оралдағы ең кө",54
Әулие Николай шіркеуі,https://kazakhstan.travel/tourist-spot/kk/242/st-nicholas-russian-orthodox-church,0,0.0,Орал,Әулие Николай мен Құдай ананың қасиетті иконалары дәл осы шіркеуде сақтаулы.,"Оралдықтар Әулие Николай шіркеуін Никольский немесе кейде Казак шіркеуі деп те атайды.  Шіркеу 1850-ші жылдары тұрғызылған. Әйтсе де, алапат өрттің салдарынан ғимарат бастапқы қалпын жоғалтып, 1900 жылы  бұрынғысынан өзгеше сипатта салынған. Соңғы құрылыс классикалық айқын кескіндерді иеленді.Храм күмбезінің астында өткен ғасырдың соңында, қайта жөндеу жұмыстары барысында анықталған көне иконалық жазбалар қалған. Бүгінде бұл шіркеу киелі орын саналады. Мұнда Әулие Никол",78
 Батыс Қазақстан облыстық мешіті,https://kazakhstan.travel/tourist-spot/kk/241/west-kazakhstan-regional-mosque,0,0.0,Орал,"
Мұсылман мешіті","Орал қаласындағы үш мешіттің ең жаңасы - 2005 жылдың қарашасында ашылған облыстық мешіт. Сыйымдылығы 1500 адамға жететін имандылық ордасы бірнеше мемлекеттің қатысуымен салынған. Мешіттегі негізгі залдың төбесін жабатын күмбез Италияда жасалған витражды әйнектерден құрастырылған. Еденге салынған кілемнің барлығы дерлік Францияда тоқылып, ғимаратты әрлеуде кеңінен қолданыс тапқан ақ мәрмәр Қытайдан  әкелінген екен. Жылдың суық маусымдарында мешітте заманауи ү",7
Облыстық тарихи-өлкетану мұражайы,https://kazakhstan.travel/tourist-spot/kk/70/west-kazakhstan-museum-of-local-history,1,0.0,Орал," Оларға археология, бейнелеу өнері,ғылыми жаңалықтар, хан кезеңдері, Кеңес дәуіріне және Қазақстан Республикасыныңтәуелсіздігіне арналған залдар кіреді.","1836 жылы Орал қаласында тарихи-өлкетану мұражайының ашылу салтанаты өтті, ол бүгінгі таңда жүз мыңнан астам құнды тарихи мұраларға ие. Оның құрылымдық құрамдас бөліктері әртүрлі тақырыптар бойынша мамандандырылған 8 бөлмеден тұрады. Оларға археология, бейнелеу өнері, ғылыми жаңалықтар, хан кезеңдері, Кеңес дәуіріне және Қазақстан Республикасының тәуелсіздігіне арналған залдар кіреді. Археология залында палеолит дәуірінің экспонаттары қонақтары ұсынылған, ал олардың ең ескілері б.з.д. 5 ғасырға жатады. Хан әулетінің тарихымен байланысты бөлмелер ортағасырлық қару-жарақтар көптеген мысалдарын және билеушілердің портреттік суреттерін көрсетеді. «Кеңестік дәуірі»20-шы ғасырдың басты оқиғаларымен қонақтарды таныстырады, ал тәуелсіз Қазақстанның тарихына арналған бөлім тәуелсіз елдің қалыптасуының болмысын көрсететін құжаттармен және фото мәліметтермен сипатталады.Облыстық тарихи-өлкетану мұражайы жиі дәстүрлі мәдени шаралар өткізеді, сондықтан танымдық экскурсиялық дәрістерден бөлек, сіздерді, қызықты қойылымдар, көрмелер ж",62
Сырымбеттегі мұражай,https://kazakhstan.travel/tourist-spot/kk/137/manor-of-aiganym-shoqan-walikhanovs-grandmother,2,0.0,Петропавл,"Ұлтымыздың біртуар ғалымы Шоқанды тәрбиелеп, өсірген әжесі Айғаным өмір сүрген қоныс - ұлағатты тарихтан сыр шертер мекен","Қазақ даласының біртуар ғалымы, ұлы тарихшы, ағартушы. Мұның барлығы Шоқан Уәлиханов жайлы. Осынау ғұламаның қалыптасуында орны бөлек тұлға - Шоқанның әжесі Айғаным. Сырымбет ауылында орналасқан ""Айғаным"" мұражай-қонысы - Уәли хан әулетінің атақонысының бір бөлігі болып табылатын тарихи-этнографиялық ескерткіш.Қоныстың түпнұсқасы сақталмағанымен, қалпына келтірілген нұсқасы да ХІХ ғасыр сәулетінің орыс сарынында орындалған керемет үлгісі болып табылады. Қоныс аумағында мешіт, медресе, байбатша және қонақ үйлері, қора салынған. Бірінші кезекте бұл - мұражайлық ғимарат емес, есімдері осы орынмен байланысты тарихи тұлғалар жайлы сыр шертетін шежірелі орын.Мұражайда көрмелер, әдеби оқулар мен танымды дәрістер тұрақты түрде ұйымдастырылады. Мұнда әр келуші жан дүниесі мен ой-санасын жарық нұрға бөлер әсерлерге кенелері сөзсіз.",64
"""Абылай ханның резиденциясы"" мұражай-кешені",https://kazakhstan.travel/tourist-spot/kk/134/ablai-khans-residkkce,1,0.0,Солтүстік Қазақстан облысы,"Абылай хан - дала халқының бірігіп, Қазақ мемлекеттілігінің қалыптасуына өлшеусіз үлес қосқан ұлы билеуші","Абылай ханның өмір жолы - ХVІІІ ғасырдағы Қазақстан тарихының баға жетпес дереккөзі болып табылады. Ал кемеңгер билеушінің аймақтық және саяси тәуелсіздік, ынтымақты сақтау жөніндегі асыл ойлары мемлекетіміздің заманауи мүдделерінде айқын көрініс тапқан. Сол себепті де, Қазақ ордасының ұлы ханына қатысты тарихи және мәдени мұраны сақтау және қорғау аса маңызды. Осы орайда, Петропавл қаласында орналасқан ""Абылай ханның резиденциясы"" мұражай-кешені өз қызметін өте сәтті жүргізіп келеді.Мұражайдың негізгі мақсаты - Абылай хан тағылымды өмірі мен ерен еңбегін дәріптеу болып табылады. Кешен хан есімімен байланысты деректер мен жәдігерлер жинақталған 4 залдан тұрады. Бірінші зал Абылай ханның балалығы мен жастық шағы, шығу тегі тақырыптарын ашады. Екінші залда хан пана еткен дәстүрлі қазақ тұрғын-үйі көрсетілсе, үшінші залда тұрмыс заттары мен киімдері, қару-жарағы және Абылайдың бейнесін жаңғыртқан мүсін қойылған. Төртінші залда келушілер қазақ билеушісінің адамдық тұлғасымен, дарынды елші және көреген саясаткер ретіндегі қызметімен таныса алады. ""Абылай ханның резиденциясы"" мұражай-кешені - әр ізденімпаз саяхатшы үшін ғаламат олжа және Солтүстік Қазақстанның барл",15
Имантау-Шалқар демалыс аймағы,https://kazakhstan.travel/tourist-spot/kk/133/imantau-shalkar-resort-area,1,0.0,Солтүстік Қазақстан облысы,"Сізді әсем табиғат аясында қуаттанып, сауығып, ойыңыз бен бойыңызды тынықтырудың керемет мүмкіндігі күтеді","Имантау-Шалқар өңіріне саяхат жасау - табиғаттың түрлі игілікке толы қоржынын сыйға алумен тең. Қарқынды дамып келе жатқан демалыс аймағы Солтүстік Қазақстан облысының қос асыл айдыны - Шалқар мен Имантау көлдерінің бойында орналасқан. Бүгінгі таңда аталмыш аймақта саяхат және ойын-сауық саласын ілгерілетуге арналған бірқатар жобалар іске асырылуда. Шалқар-Имантау аймағында аңшылық, балық аулау, емдік-сауықтыру туризмі салалары бойынша маманданған демалыс орталықтары өте көп. Оған қоса, белсенді түрде спорттық туризм мен жылжымалы үйлермен саяхаттау, яғни автокараванинг бағыттарын дамыту жұмыстары жүргізіліп жатыр. Имантау-Шалқар демалыс аймағында саяхатшы жайлылығын қамтамассыз ететін қажетті инфрақұрылым жасалған, қызмет көрсету сапасы да тұрақты түрде жылдан жылға жақсаруда. Сондықтан, осынау көркем өлке өзіңізге күткеніңізден де керемет демалыс сыйларына сенімдіміз.Шалқар-Им",56
